WARNING: Using incubator modules: jdk.incubator.foreign, jdk.incubator.vector
Sep 01, 2024 3:36:38 PM org.apache.aries.spifly.BaseActivator log
INFO: Registered provider ch.qos.logback.classic.servlet.LogbackServletContainerInitializer of service jakarta.servlet.ServletContainerInitializer in bundle ch.qos.logback.classic
Sep 01, 2024 3:36:39 PM org.apache.aries.spifly.BaseActivator log
INFO: Registered provider ch.qos.logback.classic.spi.LogbackServiceProvider of service org.slf4j.spi.SLF4JServiceProvider in bundle ch.qos.logback.classic
Sep 01, 2024 3:36:58 PM org.eclipse.lsp4j.jsonrpc.RemoteEndpoint handleCancellation
WARNING: Unmatched cancel notification for request id 2
Sep 01, 2024 3:36:59 PM org.eclipse.lsp4j.jsonrpc.RemoteEndpoint handleCancellation
WARNING: Unmatched cancel notification for request id 5
Sep 01, 2024 3:36:59 PM org.eclipse.lsp4j.jsonrpc.RemoteEndpoint handleCancellation
WARNING: Unmatched cancel notification for request id 18
Sep 01, 2024 3:36:59 PM com.microsoft.java.debug.plugin.internal.JavaDebuggerServerPlugin start
INFO: Starting com.microsoft.java.debug.plugin
[Error - 3:37:32 PM] Sep 1, 2024, 3:37:32 PM Error while handling document change. URI: file:///home/ardyop7/_temp.java
End position lies outside document range
org.eclipse.text.edits.MalformedTreeException: End position lies outside document range
	at org.eclipse.text.edits.TextEditProcessor.checkIntegrityDo(TextEditProcessor.java:180)
	at org.eclipse.text.edits.TextEdit.dispatchCheckIntegrity(TextEdit.java:746)
	at org.eclipse.text.edits.TextEditProcessor.performEdits(TextEditProcessor.java:153)
	at org.eclipse.text.edits.TextEdit.apply(TextEdit.java:714)
	at org.eclipse.jdt.ls.core.internal.handlers.BaseDocumentLifeCycleHandler.handleChanged(BaseDocumentLifeCycleHandler.java:503)
	at org.eclipse.jdt.ls.core.internal.handlers.BaseDocumentLifeCycleHandler.didChange(BaseDocumentLifeCycleHandler.java:360)
	at org.eclipse.jdt.ls.core.internal.handlers.JDTLanguageServer.didChange(JDTLanguageServer.java:882)
	at jdk.internal.reflect.GeneratedMethodAccessor20.invoke(Unknown Source)
	at java.base/jdk.internal.reflect.DelegatingMethodAccessorImpl.invoke(DelegatingMethodAccessorImpl.java:43)
	at java.base/java.lang.reflect.Method.invoke(Method.java:569)
	at org.eclipse.lsp4j.jsonrpc.services.GenericEndpoint.lambda$recursiveFindRpcMethods$0(GenericEndpoint.java:65)
	at org.eclipse.lsp4j.jsonrpc.services.GenericEndpoint.notify(GenericEndpoint.java:152)
	at org.eclipse.lsp4j.jsonrpc.RemoteEndpoint.handleNotification(RemoteEndpoint.java:231)
	at org.eclipse.lsp4j.jsonrpc.RemoteEndpoint.consume(RemoteEndpoint.java:198)
	at org.eclipse.jdt.ls.core.internal.ParentProcessWatcher.lambda$1(ParentProcessWatcher.java:144)
	at org.eclipse.lsp4j.jsonrpc.json.StreamMessageProducer.handleMessage(StreamMessageProducer.java:194)
	at org.eclipse.lsp4j.jsonrpc.json.StreamMessageProducer.listen(StreamMessageProducer.java:94)
	at org.eclipse.lsp4j.jsonrpc.json.ConcurrentMessageProcessor.run(ConcurrentMessageProcessor.java:113)
	at java.base/java.util.concurrent.Executors$RunnableAdapter.call(Executors.java:539)
	at java.base/java.util.concurrent.FutureTask.run(FutureTask.java:264)
	at java.base/java.util.concurrent.ThreadPoolExecutor.runWorker(ThreadPoolExecutor.java:1136)
	at java.base/java.util.concurrent.ThreadPoolExecutor$Worker.run(ThreadPoolExecutor.java:635)
	at java.base/java.lang.Thread.run(Thread.java:840)

Sep 01, 2024 3:37:33 PM org.eclipse.lsp4j.jsonrpc.RemoteEndpoint handleCancellation
WARNING: Unmatched cancel notification for request id 77
[Error - 3:37:33 PM] Sep 1, 2024, 3:37:33 PM Error while handling document change. URI: file:///home/ardyop7/_temp.java
End position lies outside document range
org.eclipse.text.edits.MalformedTreeException: End position lies outside document range
	at org.eclipse.text.edits.TextEditProcessor.checkIntegrityDo(TextEditProcessor.java:180)
	at org.eclipse.text.edits.TextEdit.dispatchCheckIntegrity(TextEdit.java:746)
	at org.eclipse.text.edits.TextEditProcessor.performEdits(TextEditProcessor.java:153)
	at org.eclipse.text.edits.TextEdit.apply(TextEdit.java:714)
	at org.eclipse.jdt.ls.core.internal.handlers.BaseDocumentLifeCycleHandler.handleChanged(BaseDocumentLifeCycleHandler.java:503)
	at org.eclipse.jdt.ls.core.internal.handlers.BaseDocumentLifeCycleHandler.didChange(BaseDocumentLifeCycleHandler.java:360)
	at org.eclipse.jdt.ls.core.internal.handlers.JDTLanguageServer.didChange(JDTLanguageServer.java:882)
	at jdk.internal.reflect.GeneratedMethodAccessor20.invoke(Unknown Source)
	at java.base/jdk.internal.reflect.DelegatingMethodAccessorImpl.invoke(DelegatingMethodAccessorImpl.java:43)
	at java.base/java.lang.reflect.Method.invoke(Method.java:569)
	at org.eclipse.lsp4j.jsonrpc.services.GenericEndpoint.lambda$recursiveFindRpcMethods$0(GenericEndpoint.java:65)
	at org.eclipse.lsp4j.jsonrpc.services.GenericEndpoint.notify(GenericEndpoint.java:152)
	at org.eclipse.lsp4j.jsonrpc.RemoteEndpoint.handleNotification(RemoteEndpoint.java:231)
	at org.eclipse.lsp4j.jsonrpc.RemoteEndpoint.consume(RemoteEndpoint.java:198)
	at org.eclipse.jdt.ls.core.internal.ParentProcessWatcher.lambda$1(ParentProcessWatcher.java:144)
	at org.eclipse.lsp4j.jsonrpc.json.StreamMessageProducer.handleMessage(StreamMessageProducer.java:194)
	at org.eclipse.lsp4j.jsonrpc.json.StreamMessageProducer.listen(StreamMessageProducer.java:94)
	at org.eclipse.lsp4j.jsonrpc.json.ConcurrentMessageProcessor.run(ConcurrentMessageProcessor.java:113)
	at java.base/java.util.concurrent.Executors$RunnableAdapter.call(Executors.java:539)
	at java.base/java.util.concurrent.FutureTask.run(FutureTask.java:264)
	at java.base/java.util.concurrent.ThreadPoolExecutor.runWorker(ThreadPoolExecutor.java:1136)
	at java.base/java.util.concurrent.ThreadPoolExecutor$Worker.run(ThreadPoolExecutor.java:635)
	at java.base/java.lang.Thread.run(Thread.java:840)

Sep 01, 2024 3:37:33 PM org.eclipse.lsp4j.jsonrpc.RemoteEndpoint handleCancellation
WARNING: Unmatched cancel notification for request id 78
[Error - 3:37:33 PM] Sep 1, 2024, 3:37:33 PM Error while handling document change. URI: file:///home/ardyop7/_temp.java
End position lies outside document range
org.eclipse.text.edits.MalformedTreeException: End position lies outside document range
	at org.eclipse.text.edits.TextEditProcessor.checkIntegrityDo(TextEditProcessor.java:180)
	at org.eclipse.text.edits.TextEdit.dispatchCheckIntegrity(TextEdit.java:746)
	at org.eclipse.text.edits.TextEditProcessor.performEdits(TextEditProcessor.java:153)
	at org.eclipse.text.edits.TextEdit.apply(TextEdit.java:714)
	at org.eclipse.jdt.ls.core.internal.handlers.BaseDocumentLifeCycleHandler.handleChanged(BaseDocumentLifeCycleHandler.java:503)
	at org.eclipse.jdt.ls.core.internal.handlers.BaseDocumentLifeCycleHandler.didChange(BaseDocumentLifeCycleHandler.java:360)
	at org.eclipse.jdt.ls.core.internal.handlers.JDTLanguageServer.didChange(JDTLanguageServer.java:882)
	at jdk.internal.reflect.GeneratedMethodAccessor20.invoke(Unknown Source)
	at java.base/jdk.internal.reflect.DelegatingMethodAccessorImpl.invoke(DelegatingMethodAccessorImpl.java:43)
	at java.base/java.lang.reflect.Method.invoke(Method.java:569)
	at org.eclipse.lsp4j.jsonrpc.services.GenericEndpoint.lambda$recursiveFindRpcMethods$0(GenericEndpoint.java:65)
	at org.eclipse.lsp4j.jsonrpc.services.GenericEndpoint.notify(GenericEndpoint.java:152)
	at org.eclipse.lsp4j.jsonrpc.RemoteEndpoint.handleNotification(RemoteEndpoint.java:231)
	at org.eclipse.lsp4j.jsonrpc.RemoteEndpoint.consume(RemoteEndpoint.java:198)
	at org.eclipse.jdt.ls.core.internal.ParentProcessWatcher.lambda$1(ParentProcessWatcher.java:144)
	at org.eclipse.lsp4j.jsonrpc.json.StreamMessageProducer.handleMessage(StreamMessageProducer.java:194)
	at org.eclipse.lsp4j.jsonrpc.json.StreamMessageProducer.listen(StreamMessageProducer.java:94)
	at org.eclipse.lsp4j.jsonrpc.json.ConcurrentMessageProcessor.run(ConcurrentMessageProcessor.java:113)
	at java.base/java.util.concurrent.Executors$RunnableAdapter.call(Executors.java:539)
	at java.base/java.util.concurrent.FutureTask.run(FutureTask.java:264)
	at java.base/java.util.concurrent.ThreadPoolExecutor.runWorker(ThreadPoolExecutor.java:1136)
	at java.base/java.util.concurrent.ThreadPoolExecutor$Worker.run(ThreadPoolExecutor.java:635)
	at java.base/java.lang.Thread.run(Thread.java:840)

Sep 01, 2024 3:37:33 PM org.eclipse.lsp4j.jsonrpc.RemoteEndpoint handleCancellation
WARNING: Unmatched cancel notification for request id 80
[Error - 3:37:33 PM] Sep 1, 2024, 3:37:33 PM Error while handling document change. URI: file:///home/ardyop7/_temp.java
End position lies outside document range
org.eclipse.text.edits.MalformedTreeException: End position lies outside document range
	at org.eclipse.text.edits.TextEditProcessor.checkIntegrityDo(TextEditProcessor.java:180)
	at org.eclipse.text.edits.TextEdit.dispatchCheckIntegrity(TextEdit.java:746)
	at org.eclipse.text.edits.TextEditProcessor.performEdits(TextEditProcessor.java:153)
	at org.eclipse.text.edits.TextEdit.apply(TextEdit.java:714)
	at org.eclipse.jdt.ls.core.internal.handlers.BaseDocumentLifeCycleHandler.handleChanged(BaseDocumentLifeCycleHandler.java:503)
	at org.eclipse.jdt.ls.core.internal.handlers.BaseDocumentLifeCycleHandler.didChange(BaseDocumentLifeCycleHandler.java:360)
	at org.eclipse.jdt.ls.core.internal.handlers.JDTLanguageServer.didChange(JDTLanguageServer.java:882)
	at jdk.internal.reflect.GeneratedMethodAccessor20.invoke(Unknown Source)
	at java.base/jdk.internal.reflect.DelegatingMethodAccessorImpl.invoke(DelegatingMethodAccessorImpl.java:43)
	at java.base/java.lang.reflect.Method.invoke(Method.java:569)
	at org.eclipse.lsp4j.jsonrpc.services.GenericEndpoint.lambda$recursiveFindRpcMethods$0(GenericEndpoint.java:65)
	at org.eclipse.lsp4j.jsonrpc.services.GenericEndpoint.notify(GenericEndpoint.java:152)
	at org.eclipse.lsp4j.jsonrpc.RemoteEndpoint.handleNotification(RemoteEndpoint.java:231)
	at org.eclipse.lsp4j.jsonrpc.RemoteEndpoint.consume(RemoteEndpoint.java:198)
	at org.eclipse.jdt.ls.core.internal.ParentProcessWatcher.lambda$1(ParentProcessWatcher.java:144)
	at org.eclipse.lsp4j.jsonrpc.json.StreamMessageProducer.handleMessage(StreamMessageProducer.java:194)
	at org.eclipse.lsp4j.jsonrpc.json.StreamMessageProducer.listen(StreamMessageProducer.java:94)
	at org.eclipse.lsp4j.jsonrpc.json.ConcurrentMessageProcessor.run(ConcurrentMessageProcessor.java:113)
	at java.base/java.util.concurrent.Executors$RunnableAdapter.call(Executors.java:539)
	at java.base/java.util.concurrent.FutureTask.run(FutureTask.java:264)
	at java.base/java.util.concurrent.ThreadPoolExecutor.runWorker(ThreadPoolExecutor.java:1136)
	at java.base/java.util.concurrent.ThreadPoolExecutor$Worker.run(ThreadPoolExecutor.java:635)
	at java.base/java.lang.Thread.run(Thread.java:840)

Sep 01, 2024 3:37:33 PM org.eclipse.lsp4j.jsonrpc.RemoteEndpoint handleCancellation
WARNING: Unmatched cancel notification for request id 81
[Error - 3:37:33 PM] Sep 1, 2024, 3:37:33 PM Error while handling document change. URI: file:///home/ardyop7/_temp.java
End position lies outside document range
org.eclipse.text.edits.MalformedTreeException: End position lies outside document range
	at org.eclipse.text.edits.TextEditProcessor.checkIntegrityDo(TextEditProcessor.java:180)
	at org.eclipse.text.edits.TextEdit.dispatchCheckIntegrity(TextEdit.java:746)
	at org.eclipse.text.edits.TextEditProcessor.performEdits(TextEditProcessor.java:153)
	at org.eclipse.text.edits.TextEdit.apply(TextEdit.java:714)
	at org.eclipse.jdt.ls.core.internal.handlers.BaseDocumentLifeCycleHandler.handleChanged(BaseDocumentLifeCycleHandler.java:503)
	at org.eclipse.jdt.ls.core.internal.handlers.BaseDocumentLifeCycleHandler.didChange(BaseDocumentLifeCycleHandler.java:360)
	at org.eclipse.jdt.ls.core.internal.handlers.JDTLanguageServer.didChange(JDTLanguageServer.java:882)
	at jdk.internal.reflect.GeneratedMethodAccessor20.invoke(Unknown Source)
	at java.base/jdk.internal.reflect.DelegatingMethodAccessorImpl.invoke(DelegatingMethodAccessorImpl.java:43)
	at java.base/java.lang.reflect.Method.invoke(Method.java:569)
	at org.eclipse.lsp4j.jsonrpc.services.GenericEndpoint.lambda$recursiveFindRpcMethods$0(GenericEndpoint.java:65)
	at org.eclipse.lsp4j.jsonrpc.services.GenericEndpoint.notify(GenericEndpoint.java:152)
	at org.eclipse.lsp4j.jsonrpc.RemoteEndpoint.handleNotification(RemoteEndpoint.java:231)
	at org.eclipse.lsp4j.jsonrpc.RemoteEndpoint.consume(RemoteEndpoint.java:198)
	at org.eclipse.jdt.ls.core.internal.ParentProcessWatcher.lambda$1(ParentProcessWatcher.java:144)
	at org.eclipse.lsp4j.jsonrpc.json.StreamMessageProducer.handleMessage(StreamMessageProducer.java:194)
	at org.eclipse.lsp4j.jsonrpc.json.StreamMessageProducer.listen(StreamMessageProducer.java:94)
	at org.eclipse.lsp4j.jsonrpc.json.ConcurrentMessageProcessor.run(ConcurrentMessageProcessor.java:113)
	at java.base/java.util.concurrent.Executors$RunnableAdapter.call(Executors.java:539)
	at java.base/java.util.concurrent.FutureTask.run(FutureTask.java:264)
	at java.base/java.util.concurrent.ThreadPoolExecutor.runWorker(ThreadPoolExecutor.java:1136)
	at java.base/java.util.concurrent.ThreadPoolExecutor$Worker.run(ThreadPoolExecutor.java:635)
	at java.base/java.lang.Thread.run(Thread.java:840)

Sep 01, 2024 3:37:33 PM org.eclipse.lsp4j.jsonrpc.RemoteEndpoint handleCancellation
WARNING: Unmatched cancel notification for request id 82
[Error - 3:37:33 PM] Sep 1, 2024, 3:37:33 PM Error while handling document change. URI: file:///home/ardyop7/_temp.java
End position lies outside document range
org.eclipse.text.edits.MalformedTreeException: End position lies outside document range
	at org.eclipse.text.edits.TextEditProcessor.checkIntegrityDo(TextEditProcessor.java:180)
	at org.eclipse.text.edits.TextEdit.dispatchCheckIntegrity(TextEdit.java:746)
	at org.eclipse.text.edits.TextEditProcessor.performEdits(TextEditProcessor.java:153)
	at org.eclipse.text.edits.TextEdit.apply(TextEdit.java:714)
	at org.eclipse.jdt.ls.core.internal.handlers.BaseDocumentLifeCycleHandler.handleChanged(BaseDocumentLifeCycleHandler.java:503)
	at org.eclipse.jdt.ls.core.internal.handlers.BaseDocumentLifeCycleHandler.didChange(BaseDocumentLifeCycleHandler.java:360)
	at org.eclipse.jdt.ls.core.internal.handlers.JDTLanguageServer.didChange(JDTLanguageServer.java:882)
	at jdk.internal.reflect.GeneratedMethodAccessor20.invoke(Unknown Source)
	at java.base/jdk.internal.reflect.DelegatingMethodAccessorImpl.invoke(DelegatingMethodAccessorImpl.java:43)
	at java.base/java.lang.reflect.Method.invoke(Method.java:569)
	at org.eclipse.lsp4j.jsonrpc.services.GenericEndpoint.lambda$recursiveFindRpcMethods$0(GenericEndpoint.java:65)
	at org.eclipse.lsp4j.jsonrpc.services.GenericEndpoint.notify(GenericEndpoint.java:152)
	at org.eclipse.lsp4j.jsonrpc.RemoteEndpoint.handleNotification(RemoteEndpoint.java:231)
	at org.eclipse.lsp4j.jsonrpc.RemoteEndpoint.consume(RemoteEndpoint.java:198)
	at org.eclipse.jdt.ls.core.internal.ParentProcessWatcher.lambda$1(ParentProcessWatcher.java:144)
	at org.eclipse.lsp4j.jsonrpc.json.StreamMessageProducer.handleMessage(StreamMessageProducer.java:194)
	at org.eclipse.lsp4j.jsonrpc.json.StreamMessageProducer.listen(StreamMessageProducer.java:94)
	at org.eclipse.lsp4j.jsonrpc.json.ConcurrentMessageProcessor.run(ConcurrentMessageProcessor.java:113)
	at java.base/java.util.concurrent.Executors$RunnableAdapter.call(Executors.java:539)
	at java.base/java.util.concurrent.FutureTask.run(FutureTask.java:264)
	at java.base/java.util.concurrent.ThreadPoolExecutor.runWorker(ThreadPoolExecutor.java:1136)
	at java.base/java.util.concurrent.ThreadPoolExecutor$Worker.run(ThreadPoolExecutor.java:635)
	at java.base/java.lang.Thread.run(Thread.java:840)

Sep 01, 2024 3:37:33 PM org.eclipse.lsp4j.jsonrpc.RemoteEndpoint handleCancellation
WARNING: Unmatched cancel notification for request id 83
[Error - 3:37:33 PM] Sep 1, 2024, 3:37:33 PM Error while handling document change. URI: file:///home/ardyop7/_temp.java
End position lies outside document range
org.eclipse.text.edits.MalformedTreeException: End position lies outside document range
	at org.eclipse.text.edits.TextEditProcessor.checkIntegrityDo(TextEditProcessor.java:180)
	at org.eclipse.text.edits.TextEdit.dispatchCheckIntegrity(TextEdit.java:746)
	at org.eclipse.text.edits.TextEditProcessor.performEdits(TextEditProcessor.java:153)
	at org.eclipse.text.edits.TextEdit.apply(TextEdit.java:714)
	at org.eclipse.jdt.ls.core.internal.handlers.BaseDocumentLifeCycleHandler.handleChanged(BaseDocumentLifeCycleHandler.java:503)
	at org.eclipse.jdt.ls.core.internal.handlers.BaseDocumentLifeCycleHandler.didChange(BaseDocumentLifeCycleHandler.java:360)
	at org.eclipse.jdt.ls.core.internal.handlers.JDTLanguageServer.didChange(JDTLanguageServer.java:882)
	at jdk.internal.reflect.GeneratedMethodAccessor20.invoke(Unknown Source)
	at java.base/jdk.internal.reflect.DelegatingMethodAccessorImpl.invoke(DelegatingMethodAccessorImpl.java:43)
	at java.base/java.lang.reflect.Method.invoke(Method.java:569)
	at org.eclipse.lsp4j.jsonrpc.services.GenericEndpoint.lambda$recursiveFindRpcMethods$0(GenericEndpoint.java:65)
	at org.eclipse.lsp4j.jsonrpc.services.GenericEndpoint.notify(GenericEndpoint.java:152)
	at org.eclipse.lsp4j.jsonrpc.RemoteEndpoint.handleNotification(RemoteEndpoint.java:231)
	at org.eclipse.lsp4j.jsonrpc.RemoteEndpoint.consume(RemoteEndpoint.java:198)
	at org.eclipse.jdt.ls.core.internal.ParentProcessWatcher.lambda$1(ParentProcessWatcher.java:144)
	at org.eclipse.lsp4j.jsonrpc.json.StreamMessageProducer.handleMessage(StreamMessageProducer.java:194)
	at org.eclipse.lsp4j.jsonrpc.json.StreamMessageProducer.listen(StreamMessageProducer.java:94)
	at org.eclipse.lsp4j.jsonrpc.json.ConcurrentMessageProcessor.run(ConcurrentMessageProcessor.java:113)
	at java.base/java.util.concurrent.Executors$RunnableAdapter.call(Executors.java:539)
	at java.base/java.util.concurrent.FutureTask.run(FutureTask.java:264)
	at java.base/java.util.concurrent.ThreadPoolExecutor.runWorker(ThreadPoolExecutor.java:1136)
	at java.base/java.util.concurrent.ThreadPoolExecutor$Worker.run(ThreadPoolExecutor.java:635)
	at java.base/java.lang.Thread.run(Thread.java:840)

[Error - 3:37:33 PM] Sep 1, 2024, 3:37:33 PM Error while handling document change. URI: file:///home/ardyop7/_temp.java
End position lies outside document range
org.eclipse.text.edits.MalformedTreeException: End position lies outside document range
	at org.eclipse.text.edits.TextEditProcessor.checkIntegrityDo(TextEditProcessor.java:180)
	at org.eclipse.text.edits.TextEdit.dispatchCheckIntegrity(TextEdit.java:746)
	at org.eclipse.text.edits.TextEditProcessor.performEdits(TextEditProcessor.java:153)
	at org.eclipse.text.edits.TextEdit.apply(TextEdit.java:714)
	at org.eclipse.jdt.ls.core.internal.handlers.BaseDocumentLifeCycleHandler.handleChanged(BaseDocumentLifeCycleHandler.java:503)
	at org.eclipse.jdt.ls.core.internal.handlers.BaseDocumentLifeCycleHandler.didChange(BaseDocumentLifeCycleHandler.java:360)
	at org.eclipse.jdt.ls.core.internal.handlers.JDTLanguageServer.didChange(JDTLanguageServer.java:882)
	at jdk.internal.reflect.GeneratedMethodAccessor20.invoke(Unknown Source)
	at java.base/jdk.internal.reflect.DelegatingMethodAccessorImpl.invoke(DelegatingMethodAccessorImpl.java:43)
	at java.base/java.lang.reflect.Method.invoke(Method.java:569)
	at org.eclipse.lsp4j.jsonrpc.services.GenericEndpoint.lambda$recursiveFindRpcMethods$0(GenericEndpoint.java:65)
	at org.eclipse.lsp4j.jsonrpc.services.GenericEndpoint.notify(GenericEndpoint.java:152)
	at org.eclipse.lsp4j.jsonrpc.RemoteEndpoint.handleNotification(RemoteEndpoint.java:231)
	at org.eclipse.lsp4j.jsonrpc.RemoteEndpoint.consume(RemoteEndpoint.java:198)
	at org.eclipse.jdt.ls.core.internal.ParentProcessWatcher.lambda$1(ParentProcessWatcher.java:144)
	at org.eclipse.lsp4j.jsonrpc.json.StreamMessageProducer.handleMessage(StreamMessageProducer.java:194)
	at org.eclipse.lsp4j.jsonrpc.json.StreamMessageProducer.listen(StreamMessageProducer.java:94)
	at org.eclipse.lsp4j.jsonrpc.json.ConcurrentMessageProcessor.run(ConcurrentMessageProcessor.java:113)
	at java.base/java.util.concurrent.Executors$RunnableAdapter.call(Executors.java:539)
	at java.base/java.util.concurrent.FutureTask.run(FutureTask.java:264)
	at java.base/java.util.concurrent.ThreadPoolExecutor.runWorker(ThreadPoolExecutor.java:1136)
	at java.base/java.util.concurrent.ThreadPoolExecutor$Worker.run(ThreadPoolExecutor.java:635)
	at java.base/java.lang.Thread.run(Thread.java:840)

Sep 01, 2024 3:37:33 PM org.eclipse.lsp4j.jsonrpc.RemoteEndpoint fallbackResponseError
SEVERE: Internal error: java.lang.NullPointerException: Cannot invoke "org.eclipse.jdt.core.dom.ASTNode.accept(org.eclipse.jdt.core.dom.ASTVisitor)" because "coveringNode" is null
java.util.concurrent.CompletionException: java.lang.NullPointerException: Cannot invoke "org.eclipse.jdt.core.dom.ASTNode.accept(org.eclipse.jdt.core.dom.ASTVisitor)" because "coveringNode" is null
	at java.base/java.util.concurrent.CompletableFuture.encodeThrowable(CompletableFuture.java:315)
	at java.base/java.util.concurrent.CompletableFuture.completeThrowable(CompletableFuture.java:320)
	at java.base/java.util.concurrent.CompletableFuture$UniApply.tryFire(CompletableFuture.java:649)
	at java.base/java.util.concurrent.CompletableFuture$Completion.run(CompletableFuture.java:482)
	at java.base/java.lang.Thread.run(Thread.java:840)
Caused by: java.lang.NullPointerException: Cannot invoke "org.eclipse.jdt.core.dom.ASTNode.accept(org.eclipse.jdt.core.dom.ASTVisitor)" because "coveringNode" is null
	at org.eclipse.jdt.ls.core.internal.text.correction.QuickAssistProcessor.getFullyCoveredNodes(QuickAssistProcessor.java:391)
	at org.eclipse.jdt.ls.core.internal.text.correction.SourceAssistProcessor.getSourceActionCommands(SourceAssistProcessor.java:123)
	at org.eclipse.jdt.ls.core.internal.handlers.CodeActionHandler.getCodeActionCommands(CodeActionHandler.java:237)
	at org.eclipse.jdt.ls.core.internal.handlers.JDTLanguageServer.lambda$14(JDTLanguageServer.java:753)
	at org.eclipse.jdt.ls.core.internal.BaseJDTLanguageServer.lambda$0(BaseJDTLanguageServer.java:87)
	at java.base/java.util.concurrent.CompletableFuture$UniApply.tryFire(CompletableFuture.java:646)
	... 2 more

[Error - 3:37:33 PM] Request textDocument/codeAction failed.
  Message: Internal error.
  Code: -32603 
java.util.concurrent.CompletionException: java.lang.NullPointerException: Cannot invoke "org.eclipse.jdt.core.dom.ASTNode.accept(org.eclipse.jdt.core.dom.ASTVisitor)" because "coveringNode" is null
	at java.base/java.util.concurrent.CompletableFuture.encodeThrowable(CompletableFuture.java:315)
	at java.base/java.util.concurrent.CompletableFuture.completeThrowable(CompletableFuture.java:320)
	at java.base/java.util.concurrent.CompletableFuture$UniApply.tryFire(CompletableFuture.java:649)
	at java.base/java.util.concurrent.CompletableFuture$Completion.run(CompletableFuture.java:482)
	at java.base/java.lang.Thread.run(Thread.java:840)
Caused by: java.lang.NullPointerException: Cannot invoke "org.eclipse.jdt.core.dom.ASTNode.accept(org.eclipse.jdt.core.dom.ASTVisitor)" because "coveringNode" is null
	at org.eclipse.jdt.ls.core.internal.text.correction.QuickAssistProcessor.getFullyCoveredNodes(QuickAssistProcessor.java:391)
	at org.eclipse.jdt.ls.core.internal.text.correction.SourceAssistProcessor.getSourceActionCommands(SourceAssistProcessor.java:123)
	at org.eclipse.jdt.ls.core.internal.handlers.CodeActionHandler.getCodeActionCommands(CodeActionHandler.java:237)
	at org.eclipse.jdt.ls.core.internal.handlers.JDTLanguageServer.lambda$14(JDTLanguageServer.java:753)
	at org.eclipse.jdt.ls.core.internal.BaseJDTLanguageServer.lambda$0(BaseJDTLanguageServer.java:87)
	at java.base/java.util.concurrent.CompletableFuture$UniApply.tryFire(CompletableFuture.java:646)
	... 2 more

[Error - 3:37:33 PM] Sep 1, 2024, 3:37:33 PM Error while handling document change. URI: file:///home/ardyop7/_temp.java
End position lies outside document range
org.eclipse.text.edits.MalformedTreeException: End position lies outside document range
	at org.eclipse.text.edits.TextEditProcessor.checkIntegrityDo(TextEditProcessor.java:180)
	at org.eclipse.text.edits.TextEdit.dispatchCheckIntegrity(TextEdit.java:746)
	at org.eclipse.text.edits.TextEditProcessor.performEdits(TextEditProcessor.java:153)
	at org.eclipse.text.edits.TextEdit.apply(TextEdit.java:714)
	at org.eclipse.jdt.ls.core.internal.handlers.BaseDocumentLifeCycleHandler.handleChanged(BaseDocumentLifeCycleHandler.java:503)
	at org.eclipse.jdt.ls.core.internal.handlers.BaseDocumentLifeCycleHandler.didChange(BaseDocumentLifeCycleHandler.java:360)
	at org.eclipse.jdt.ls.core.internal.handlers.JDTLanguageServer.didChange(JDTLanguageServer.java:882)
	at jdk.internal.reflect.GeneratedMethodAccessor20.invoke(Unknown Source)
	at java.base/jdk.internal.reflect.DelegatingMethodAccessorImpl.invoke(DelegatingMethodAccessorImpl.java:43)
	at java.base/java.lang.reflect.Method.invoke(Method.java:569)
	at org.eclipse.lsp4j.jsonrpc.services.GenericEndpoint.lambda$recursiveFindRpcMethods$0(GenericEndpoint.java:65)
	at org.eclipse.lsp4j.jsonrpc.services.GenericEndpoint.notify(GenericEndpoint.java:152)
	at org.eclipse.lsp4j.jsonrpc.RemoteEndpoint.handleNotification(RemoteEndpoint.java:231)
	at org.eclipse.lsp4j.jsonrpc.RemoteEndpoint.consume(RemoteEndpoint.java:198)
	at org.eclipse.jdt.ls.core.internal.ParentProcessWatcher.lambda$1(ParentProcessWatcher.java:144)
	at org.eclipse.lsp4j.jsonrpc.json.StreamMessageProducer.handleMessage(StreamMessageProducer.java:194)
	at org.eclipse.lsp4j.jsonrpc.json.StreamMessageProducer.listen(StreamMessageProducer.java:94)
	at org.eclipse.lsp4j.jsonrpc.json.ConcurrentMessageProcessor.run(ConcurrentMessageProcessor.java:113)
	at java.base/java.util.concurrent.Executors$RunnableAdapter.call(Executors.java:539)
	at java.base/java.util.concurrent.FutureTask.run(FutureTask.java:264)
	at java.base/java.util.concurrent.ThreadPoolExecutor.runWorker(ThreadPoolExecutor.java:1136)
	at java.base/java.util.concurrent.ThreadPoolExecutor$Worker.run(ThreadPoolExecutor.java:635)
	at java.base/java.lang.Thread.run(Thread.java:840)

Sep 01, 2024 3:37:34 PM org.eclipse.lsp4j.jsonrpc.RemoteEndpoint fallbackResponseError
SEVERE: Internal error: java.lang.NullPointerException: Cannot invoke "org.eclipse.jdt.core.dom.ASTNode.accept(org.eclipse.jdt.core.dom.ASTVisitor)" because "coveringNode" is null
java.util.concurrent.CompletionException: java.lang.NullPointerException: Cannot invoke "org.eclipse.jdt.core.dom.ASTNode.accept(org.eclipse.jdt.core.dom.ASTVisitor)" because "coveringNode" is null
	at java.base/java.util.concurrent.CompletableFuture.encodeThrowable(CompletableFuture.java:315)
	at java.base/java.util.concurrent.CompletableFuture.completeThrowable(CompletableFuture.java:320)
	at java.base/java.util.concurrent.CompletableFuture$UniApply.tryFire(CompletableFuture.java:649)
	at java.base/java.util.concurrent.CompletableFuture$Completion.run(CompletableFuture.java:482)
	at java.base/java.lang.Thread.run(Thread.java:840)
Caused by: java.lang.NullPointerException: Cannot invoke "org.eclipse.jdt.core.dom.ASTNode.accept(org.eclipse.jdt.core.dom.ASTVisitor)" because "coveringNode" is null
	at org.eclipse.jdt.ls.core.internal.text.correction.QuickAssistProcessor.getFullyCoveredNodes(QuickAssistProcessor.java:391)
	at org.eclipse.jdt.ls.core.internal.text.correction.SourceAssistProcessor.getSourceActionCommands(SourceAssistProcessor.java:123)
	at org.eclipse.jdt.ls.core.internal.handlers.CodeActionHandler.getCodeActionCommands(CodeActionHandler.java:237)
	at org.eclipse.jdt.ls.core.internal.handlers.JDTLanguageServer.lambda$14(JDTLanguageServer.java:753)
	at org.eclipse.jdt.ls.core.internal.BaseJDTLanguageServer.lambda$0(BaseJDTLanguageServer.java:87)
	at java.base/java.util.concurrent.CompletableFuture$UniApply.tryFire(CompletableFuture.java:646)
	... 2 more

[Error - 3:37:34 PM] Request textDocument/codeAction failed.
  Message: Internal error.
  Code: -32603 
java.util.concurrent.CompletionException: java.lang.NullPointerException: Cannot invoke "org.eclipse.jdt.core.dom.ASTNode.accept(org.eclipse.jdt.core.dom.ASTVisitor)" because "coveringNode" is null
	at java.base/java.util.concurrent.CompletableFuture.encodeThrowable(CompletableFuture.java:315)
	at java.base/java.util.concurrent.CompletableFuture.completeThrowable(CompletableFuture.java:320)
	at java.base/java.util.concurrent.CompletableFuture$UniApply.tryFire(CompletableFuture.java:649)
	at java.base/java.util.concurrent.CompletableFuture$Completion.run(CompletableFuture.java:482)
	at java.base/java.lang.Thread.run(Thread.java:840)
Caused by: java.lang.NullPointerException: Cannot invoke "org.eclipse.jdt.core.dom.ASTNode.accept(org.eclipse.jdt.core.dom.ASTVisitor)" because "coveringNode" is null
	at org.eclipse.jdt.ls.core.internal.text.correction.QuickAssistProcessor.getFullyCoveredNodes(QuickAssistProcessor.java:391)
	at org.eclipse.jdt.ls.core.internal.text.correction.SourceAssistProcessor.getSourceActionCommands(SourceAssistProcessor.java:123)
	at org.eclipse.jdt.ls.core.internal.handlers.CodeActionHandler.getCodeActionCommands(CodeActionHandler.java:237)
	at org.eclipse.jdt.ls.core.internal.handlers.JDTLanguageServer.lambda$14(JDTLanguageServer.java:753)
	at org.eclipse.jdt.ls.core.internal.BaseJDTLanguageServer.lambda$0(BaseJDTLanguageServer.java:87)
	at java.base/java.util.concurrent.CompletableFuture$UniApply.tryFire(CompletableFuture.java:646)
	... 2 more

[Error - 3:37:34 PM] Sep 1, 2024, 3:37:34 PM Error while handling document change. URI: file:///home/ardyop7/_temp.java
End position lies outside document range
org.eclipse.text.edits.MalformedTreeException: End position lies outside document range
	at org.eclipse.text.edits.TextEditProcessor.checkIntegrityDo(TextEditProcessor.java:180)
	at org.eclipse.text.edits.TextEdit.dispatchCheckIntegrity(TextEdit.java:746)
	at org.eclipse.text.edits.TextEditProcessor.performEdits(TextEditProcessor.java:153)
	at org.eclipse.text.edits.TextEdit.apply(TextEdit.java:714)
	at org.eclipse.jdt.ls.core.internal.handlers.BaseDocumentLifeCycleHandler.handleChanged(BaseDocumentLifeCycleHandler.java:503)
	at org.eclipse.jdt.ls.core.internal.handlers.BaseDocumentLifeCycleHandler.didChange(BaseDocumentLifeCycleHandler.java:360)
	at org.eclipse.jdt.ls.core.internal.handlers.JDTLanguageServer.didChange(JDTLanguageServer.java:882)
	at jdk.internal.reflect.GeneratedMethodAccessor20.invoke(Unknown Source)
	at java.base/jdk.internal.reflect.DelegatingMethodAccessorImpl.invoke(DelegatingMethodAccessorImpl.java:43)
	at java.base/java.lang.reflect.Method.invoke(Method.java:569)
	at org.eclipse.lsp4j.jsonrpc.services.GenericEndpoint.lambda$recursiveFindRpcMethods$0(GenericEndpoint.java:65)
	at org.eclipse.lsp4j.jsonrpc.services.GenericEndpoint.notify(GenericEndpoint.java:152)
	at org.eclipse.lsp4j.jsonrpc.RemoteEndpoint.handleNotification(RemoteEndpoint.java:231)
	at org.eclipse.lsp4j.jsonrpc.RemoteEndpoint.consume(RemoteEndpoint.java:198)
	at org.eclipse.jdt.ls.core.internal.ParentProcessWatcher.lambda$1(ParentProcessWatcher.java:144)
	at org.eclipse.lsp4j.jsonrpc.json.StreamMessageProducer.handleMessage(StreamMessageProducer.java:194)
	at org.eclipse.lsp4j.jsonrpc.json.StreamMessageProducer.listen(StreamMessageProducer.java:94)
	at org.eclipse.lsp4j.jsonrpc.json.ConcurrentMessageProcessor.run(ConcurrentMessageProcessor.java:113)
	at java.base/java.util.concurrent.Executors$RunnableAdapter.call(Executors.java:539)
	at java.base/java.util.concurrent.FutureTask.run(FutureTask.java:264)
	at java.base/java.util.concurrent.ThreadPoolExecutor.runWorker(ThreadPoolExecutor.java:1136)
	at java.base/java.util.concurrent.ThreadPoolExecutor$Worker.run(ThreadPoolExecutor.java:635)
	at java.base/java.lang.Thread.run(Thread.java:840)

Sep 01, 2024 3:37:34 PM org.eclipse.lsp4j.jsonrpc.RemoteEndpoint fallbackResponseError
SEVERE: Internal error: java.lang.NullPointerException: Cannot invoke "org.eclipse.jdt.core.dom.ASTNode.accept(org.eclipse.jdt.core.dom.ASTVisitor)" because "coveringNode" is null
java.util.concurrent.CompletionException: java.lang.NullPointerException: Cannot invoke "org.eclipse.jdt.core.dom.ASTNode.accept(org.eclipse.jdt.core.dom.ASTVisitor)" because "coveringNode" is null
	at java.base/java.util.concurrent.CompletableFuture.encodeThrowable(CompletableFuture.java:315)
	at java.base/java.util.concurrent.CompletableFuture.completeThrowable(CompletableFuture.java:320)
	at java.base/java.util.concurrent.CompletableFuture$UniApply.tryFire(CompletableFuture.java:649)
	at java.base/java.util.concurrent.CompletableFuture$Completion.run(CompletableFuture.java:482)
	at java.base/java.lang.Thread.run(Thread.java:840)
Caused by: java.lang.NullPointerException: Cannot invoke "org.eclipse.jdt.core.dom.ASTNode.accept(org.eclipse.jdt.core.dom.ASTVisitor)" because "coveringNode" is null
	at org.eclipse.jdt.ls.core.internal.text.correction.QuickAssistProcessor.getFullyCoveredNodes(QuickAssistProcessor.java:391)
	at org.eclipse.jdt.ls.core.internal.text.correction.SourceAssistProcessor.getSourceActionCommands(SourceAssistProcessor.java:123)
	at org.eclipse.jdt.ls.core.internal.handlers.CodeActionHandler.getCodeActionCommands(CodeActionHandler.java:237)
	at org.eclipse.jdt.ls.core.internal.handlers.JDTLanguageServer.lambda$14(JDTLanguageServer.java:753)
	at org.eclipse.jdt.ls.core.internal.BaseJDTLanguageServer.lambda$0(BaseJDTLanguageServer.java:87)
	at java.base/java.util.concurrent.CompletableFuture$UniApply.tryFire(CompletableFuture.java:646)
	... 2 more

[Error - 3:37:34 PM] Request textDocument/codeAction failed.
  Message: Internal error.
  Code: -32603 
java.util.concurrent.CompletionException: java.lang.NullPointerException: Cannot invoke "org.eclipse.jdt.core.dom.ASTNode.accept(org.eclipse.jdt.core.dom.ASTVisitor)" because "coveringNode" is null
	at java.base/java.util.concurrent.CompletableFuture.encodeThrowable(CompletableFuture.java:315)
	at java.base/java.util.concurrent.CompletableFuture.completeThrowable(CompletableFuture.java:320)
	at java.base/java.util.concurrent.CompletableFuture$UniApply.tryFire(CompletableFuture.java:649)
	at java.base/java.util.concurrent.CompletableFuture$Completion.run(CompletableFuture.java:482)
	at java.base/java.lang.Thread.run(Thread.java:840)
Caused by: java.lang.NullPointerException: Cannot invoke "org.eclipse.jdt.core.dom.ASTNode.accept(org.eclipse.jdt.core.dom.ASTVisitor)" because "coveringNode" is null
	at org.eclipse.jdt.ls.core.internal.text.correction.QuickAssistProcessor.getFullyCoveredNodes(QuickAssistProcessor.java:391)
	at org.eclipse.jdt.ls.core.internal.text.correction.SourceAssistProcessor.getSourceActionCommands(SourceAssistProcessor.java:123)
	at org.eclipse.jdt.ls.core.internal.handlers.CodeActionHandler.getCodeActionCommands(CodeActionHandler.java:237)
	at org.eclipse.jdt.ls.core.internal.handlers.JDTLanguageServer.lambda$14(JDTLanguageServer.java:753)
	at org.eclipse.jdt.ls.core.internal.BaseJDTLanguageServer.lambda$0(BaseJDTLanguageServer.java:87)
	at java.base/java.util.concurrent.CompletableFuture$UniApply.tryFire(CompletableFuture.java:646)
	... 2 more

[Error - 3:37:34 PM] Sep 1, 2024, 3:37:34 PM Error while handling document change. URI: file:///home/ardyop7/_temp.java
End position lies outside document range
org.eclipse.text.edits.MalformedTreeException: End position lies outside document range
	at org.eclipse.text.edits.TextEditProcessor.checkIntegrityDo(TextEditProcessor.java:180)
	at org.eclipse.text.edits.TextEdit.dispatchCheckIntegrity(TextEdit.java:746)
	at org.eclipse.text.edits.TextEditProcessor.performEdits(TextEditProcessor.java:153)
	at org.eclipse.text.edits.TextEdit.apply(TextEdit.java:714)
	at org.eclipse.jdt.ls.core.internal.handlers.BaseDocumentLifeCycleHandler.handleChanged(BaseDocumentLifeCycleHandler.java:503)
	at org.eclipse.jdt.ls.core.internal.handlers.BaseDocumentLifeCycleHandler.didChange(BaseDocumentLifeCycleHandler.java:360)
	at org.eclipse.jdt.ls.core.internal.handlers.JDTLanguageServer.didChange(JDTLanguageServer.java:882)
	at jdk.internal.reflect.GeneratedMethodAccessor20.invoke(Unknown Source)
	at java.base/jdk.internal.reflect.DelegatingMethodAccessorImpl.invoke(DelegatingMethodAccessorImpl.java:43)
	at java.base/java.lang.reflect.Method.invoke(Method.java:569)
	at org.eclipse.lsp4j.jsonrpc.services.GenericEndpoint.lambda$recursiveFindRpcMethods$0(GenericEndpoint.java:65)
	at org.eclipse.lsp4j.jsonrpc.services.GenericEndpoint.notify(GenericEndpoint.java:152)
	at org.eclipse.lsp4j.jsonrpc.RemoteEndpoint.handleNotification(RemoteEndpoint.java:231)
	at org.eclipse.lsp4j.jsonrpc.RemoteEndpoint.consume(RemoteEndpoint.java:198)
	at org.eclipse.jdt.ls.core.internal.ParentProcessWatcher.lambda$1(ParentProcessWatcher.java:144)
	at org.eclipse.lsp4j.jsonrpc.json.StreamMessageProducer.handleMessage(StreamMessageProducer.java:194)
	at org.eclipse.lsp4j.jsonrpc.json.StreamMessageProducer.listen(StreamMessageProducer.java:94)
	at org.eclipse.lsp4j.jsonrpc.json.ConcurrentMessageProcessor.run(ConcurrentMessageProcessor.java:113)
	at java.base/java.util.concurrent.Executors$RunnableAdapter.call(Executors.java:539)
	at java.base/java.util.concurrent.FutureTask.run(FutureTask.java:264)
	at java.base/java.util.concurrent.ThreadPoolExecutor.runWorker(ThreadPoolExecutor.java:1136)
	at java.base/java.util.concurrent.ThreadPoolExecutor$Worker.run(ThreadPoolExecutor.java:635)
	at java.base/java.lang.Thread.run(Thread.java:840)

[Error - 3:37:34 PM] Sep 1, 2024, 3:37:34 PM Error while handling document change. URI: file:///home/ardyop7/_temp.java
End position lies outside document range
org.eclipse.text.edits.MalformedTreeException: End position lies outside document range
	at org.eclipse.text.edits.TextEditProcessor.checkIntegrityDo(TextEditProcessor.java:180)
	at org.eclipse.text.edits.TextEdit.dispatchCheckIntegrity(TextEdit.java:746)
	at org.eclipse.text.edits.TextEditProcessor.performEdits(TextEditProcessor.java:153)
	at org.eclipse.text.edits.TextEdit.apply(TextEdit.java:714)
	at org.eclipse.jdt.ls.core.internal.handlers.BaseDocumentLifeCycleHandler.handleChanged(BaseDocumentLifeCycleHandler.java:503)
	at org.eclipse.jdt.ls.core.internal.handlers.BaseDocumentLifeCycleHandler.didChange(BaseDocumentLifeCycleHandler.java:360)
	at org.eclipse.jdt.ls.core.internal.handlers.JDTLanguageServer.didChange(JDTLanguageServer.java:882)
	at jdk.internal.reflect.GeneratedMethodAccessor20.invoke(Unknown Source)
	at java.base/jdk.internal.reflect.DelegatingMethodAccessorImpl.invoke(DelegatingMethodAccessorImpl.java:43)
	at java.base/java.lang.reflect.Method.invoke(Method.java:569)
	at org.eclipse.lsp4j.jsonrpc.services.GenericEndpoint.lambda$recursiveFindRpcMethods$0(GenericEndpoint.java:65)
	at org.eclipse.lsp4j.jsonrpc.services.GenericEndpoint.notify(GenericEndpoint.java:152)
	at org.eclipse.lsp4j.jsonrpc.RemoteEndpoint.handleNotification(RemoteEndpoint.java:231)
	at org.eclipse.lsp4j.jsonrpc.RemoteEndpoint.consume(RemoteEndpoint.java:198)
	at org.eclipse.jdt.ls.core.internal.ParentProcessWatcher.lambda$1(ParentProcessWatcher.java:144)
	at org.eclipse.lsp4j.jsonrpc.json.StreamMessageProducer.handleMessage(StreamMessageProducer.java:194)
	at org.eclipse.lsp4j.jsonrpc.json.StreamMessageProducer.listen(StreamMessageProducer.java:94)
	at org.eclipse.lsp4j.jsonrpc.json.ConcurrentMessageProcessor.run(ConcurrentMessageProcessor.java:113)
	at java.base/java.util.concurrent.Executors$RunnableAdapter.call(Executors.java:539)
	at java.base/java.util.concurrent.FutureTask.run(FutureTask.java:264)
	at java.base/java.util.concurrent.ThreadPoolExecutor.runWorker(ThreadPoolExecutor.java:1136)
	at java.base/java.util.concurrent.ThreadPoolExecutor$Worker.run(ThreadPoolExecutor.java:635)
	at java.base/java.lang.Thread.run(Thread.java:840)

Sep 01, 2024 3:37:34 PM org.eclipse.lsp4j.jsonrpc.RemoteEndpoint fallbackResponseError
SEVERE: Internal error: java.lang.NullPointerException: Cannot invoke "org.eclipse.jdt.core.dom.ASTNode.accept(org.eclipse.jdt.core.dom.ASTVisitor)" because "coveringNode" is null
java.util.concurrent.CompletionException: java.lang.NullPointerException: Cannot invoke "org.eclipse.jdt.core.dom.ASTNode.accept(org.eclipse.jdt.core.dom.ASTVisitor)" because "coveringNode" is null
	at java.base/java.util.concurrent.CompletableFuture.encodeThrowable(CompletableFuture.java:315)
	at java.base/java.util.concurrent.CompletableFuture.completeThrowable(CompletableFuture.java:320)
	at java.base/java.util.concurrent.CompletableFuture$UniApply.tryFire(CompletableFuture.java:649)
	at java.base/java.util.concurrent.CompletableFuture$Completion.run(CompletableFuture.java:482)
	at java.base/java.lang.Thread.run(Thread.java:840)
Caused by: java.lang.NullPointerException: Cannot invoke "org.eclipse.jdt.core.dom.ASTNode.accept(org.eclipse.jdt.core.dom.ASTVisitor)" because "coveringNode" is null
	at org.eclipse.jdt.ls.core.internal.text.correction.QuickAssistProcessor.getFullyCoveredNodes(QuickAssistProcessor.java:391)
	at org.eclipse.jdt.ls.core.internal.text.correction.SourceAssistProcessor.getSourceActionCommands(SourceAssistProcessor.java:123)
	at org.eclipse.jdt.ls.core.internal.handlers.CodeActionHandler.getCodeActionCommands(CodeActionHandler.java:237)
	at org.eclipse.jdt.ls.core.internal.handlers.JDTLanguageServer.lambda$14(JDTLanguageServer.java:753)
	at org.eclipse.jdt.ls.core.internal.BaseJDTLanguageServer.lambda$0(BaseJDTLanguageServer.java:87)
	at java.base/java.util.concurrent.CompletableFuture$UniApply.tryFire(CompletableFuture.java:646)
	... 2 more

[Error - 3:37:34 PM] Request textDocument/codeAction failed.
  Message: Internal error.
  Code: -32603 
java.util.concurrent.CompletionException: java.lang.NullPointerException: Cannot invoke "org.eclipse.jdt.core.dom.ASTNode.accept(org.eclipse.jdt.core.dom.ASTVisitor)" because "coveringNode" is null
	at java.base/java.util.concurrent.CompletableFuture.encodeThrowable(CompletableFuture.java:315)
	at java.base/java.util.concurrent.CompletableFuture.completeThrowable(CompletableFuture.java:320)
	at java.base/java.util.concurrent.CompletableFuture$UniApply.tryFire(CompletableFuture.java:649)
	at java.base/java.util.concurrent.CompletableFuture$Completion.run(CompletableFuture.java:482)
	at java.base/java.lang.Thread.run(Thread.java:840)
Caused by: java.lang.NullPointerException: Cannot invoke "org.eclipse.jdt.core.dom.ASTNode.accept(org.eclipse.jdt.core.dom.ASTVisitor)" because "coveringNode" is null
	at org.eclipse.jdt.ls.core.internal.text.correction.QuickAssistProcessor.getFullyCoveredNodes(QuickAssistProcessor.java:391)
	at org.eclipse.jdt.ls.core.internal.text.correction.SourceAssistProcessor.getSourceActionCommands(SourceAssistProcessor.java:123)
	at org.eclipse.jdt.ls.core.internal.handlers.CodeActionHandler.getCodeActionCommands(CodeActionHandler.java:237)
	at org.eclipse.jdt.ls.core.internal.handlers.JDTLanguageServer.lambda$14(JDTLanguageServer.java:753)
	at org.eclipse.jdt.ls.core.internal.BaseJDTLanguageServer.lambda$0(BaseJDTLanguageServer.java:87)
	at java.base/java.util.concurrent.CompletableFuture$UniApply.tryFire(CompletableFuture.java:646)
	... 2 more

Sep 01, 2024 3:37:35 PM org.eclipse.lsp4j.jsonrpc.RemoteEndpoint handleNotification
WARNING: Notification threw an exception: {
  "jsonrpc": "2.0",
  "method": "textDocument/didChange",
  "params": {
    "textDocument": {
      "version": 80,
      "uri": "file:///home/ardyop7/_temp.java"
    },
    "contentChanges": [
      {
        "range": {
          "start": {
            "line": 1,
            "character": 0
          },
          "end": {
            "line": 1,
            "character": 0
          }
        },
        "rangeLength": 0,
        "text": "i"
      }
    ]
  }
}
java.lang.RuntimeException: java.lang.reflect.InvocationTargetException
	at org.eclipse.lsp4j.jsonrpc.services.GenericEndpoint.lambda$recursiveFindRpcMethods$0(GenericEndpoint.java:67)
	at org.eclipse.lsp4j.jsonrpc.services.GenericEndpoint.notify(GenericEndpoint.java:152)
	at org.eclipse.lsp4j.jsonrpc.RemoteEndpoint.handleNotification(RemoteEndpoint.java:231)
	at org.eclipse.lsp4j.jsonrpc.RemoteEndpoint.consume(RemoteEndpoint.java:198)
	at org.eclipse.jdt.ls.core.internal.ParentProcessWatcher.lambda$1(ParentProcessWatcher.java:144)
	at org.eclipse.lsp4j.jsonrpc.json.StreamMessageProducer.handleMessage(StreamMessageProducer.java:194)
	at org.eclipse.lsp4j.jsonrpc.json.StreamMessageProducer.listen(StreamMessageProducer.java:94)
	at org.eclipse.lsp4j.jsonrpc.json.ConcurrentMessageProcessor.run(ConcurrentMessageProcessor.java:113)
	at java.base/java.util.concurrent.Executors$RunnableAdapter.call(Executors.java:539)
	at java.base/java.util.concurrent.FutureTask.run(FutureTask.java:264)
	at java.base/java.util.concurrent.ThreadPoolExecutor.runWorker(ThreadPoolExecutor.java:1136)
	at java.base/java.util.concurrent.ThreadPoolExecutor$Worker.run(ThreadPoolExecutor.java:635)
	at java.base/java.lang.Thread.run(Thread.java:840)
Caused by: java.lang.reflect.InvocationTargetException
	at jdk.internal.reflect.GeneratedMethodAccessor20.invoke(Unknown Source)
	at java.base/jdk.internal.reflect.DelegatingMethodAccessorImpl.invoke(DelegatingMethodAccessorImpl.java:43)
	at java.base/java.lang.reflect.Method.invoke(Method.java:569)
	at org.eclipse.lsp4j.jsonrpc.services.GenericEndpoint.lambda$recursiveFindRpcMethods$0(GenericEndpoint.java:65)
	... 12 more
Caused by: org.eclipse.core.runtime.AssertionFailedException: assertion failed: 
	at org.eclipse.core.runtime.Assert.isTrue(Assert.java:119)
	at org.eclipse.core.runtime.Assert.isTrue(Assert.java:104)
	at org.eclipse.text.edits.TextEdit.<init>(TextEdit.java:153)
	at org.eclipse.text.edits.InsertEdit.<init>(InsertEdit.java:41)
	at org.eclipse.jdt.ls.core.internal.handlers.BaseDocumentLifeCycleHandler.handleChanged(BaseDocumentLifeCycleHandler.java:497)
	at org.eclipse.jdt.ls.core.internal.handlers.BaseDocumentLifeCycleHandler.didChange(BaseDocumentLifeCycleHandler.java:360)
	at org.eclipse.jdt.ls.core.internal.handlers.JDTLanguageServer.didChange(JDTLanguageServer.java:882)
	... 16 more

[Error - 3:37:36 PM] Sep 1, 2024, 3:37:36 PM Error while handling document change. URI: file:///home/ardyop7/_temp.java
End position lies outside document range
org.eclipse.text.edits.MalformedTreeException: End position lies outside document range
	at org.eclipse.text.edits.TextEditProcessor.checkIntegrityDo(TextEditProcessor.java:180)
	at org.eclipse.text.edits.TextEdit.dispatchCheckIntegrity(TextEdit.java:746)
	at org.eclipse.text.edits.TextEditProcessor.performEdits(TextEditProcessor.java:153)
	at org.eclipse.text.edits.TextEdit.apply(TextEdit.java:714)
	at org.eclipse.jdt.ls.core.internal.handlers.BaseDocumentLifeCycleHandler.handleChanged(BaseDocumentLifeCycleHandler.java:503)
	at org.eclipse.jdt.ls.core.internal.handlers.BaseDocumentLifeCycleHandler.didChange(BaseDocumentLifeCycleHandler.java:360)
	at org.eclipse.jdt.ls.core.internal.handlers.JDTLanguageServer.didChange(JDTLanguageServer.java:882)
	at jdk.internal.reflect.GeneratedMethodAccessor20.invoke(Unknown Source)
	at java.base/jdk.internal.reflect.DelegatingMethodAccessorImpl.invoke(DelegatingMethodAccessorImpl.java:43)
	at java.base/java.lang.reflect.Method.invoke(Method.java:569)
	at org.eclipse.lsp4j.jsonrpc.services.GenericEndpoint.lambda$recursiveFindRpcMethods$0(GenericEndpoint.java:65)
	at org.eclipse.lsp4j.jsonrpc.services.GenericEndpoint.notify(GenericEndpoint.java:152)
	at org.eclipse.lsp4j.jsonrpc.RemoteEndpoint.handleNotification(RemoteEndpoint.java:231)
	at org.eclipse.lsp4j.jsonrpc.RemoteEndpoint.consume(RemoteEndpoint.java:198)
	at org.eclipse.jdt.ls.core.internal.ParentProcessWatcher.lambda$1(ParentProcessWatcher.java:144)
	at org.eclipse.lsp4j.jsonrpc.json.StreamMessageProducer.handleMessage(StreamMessageProducer.java:194)
	at org.eclipse.lsp4j.jsonrpc.json.StreamMessageProducer.listen(StreamMessageProducer.java:94)
	at org.eclipse.lsp4j.jsonrpc.json.ConcurrentMessageProcessor.run(ConcurrentMessageProcessor.java:113)
	at java.base/java.util.concurrent.Executors$RunnableAdapter.call(Executors.java:539)
	at java.base/java.util.concurrent.FutureTask.run(FutureTask.java:264)
	at java.base/java.util.concurrent.ThreadPoolExecutor.runWorker(ThreadPoolExecutor.java:1136)
	at java.base/java.util.concurrent.ThreadPoolExecutor$Worker.run(ThreadPoolExecutor.java:635)
	at java.base/java.lang.Thread.run(Thread.java:840)

Sep 01, 2024 3:37:36 PM org.eclipse.lsp4j.jsonrpc.RemoteEndpoint fallbackResponseError
SEVERE: Internal error: java.lang.NullPointerException: Cannot invoke "org.eclipse.jdt.core.dom.ASTNode.accept(org.eclipse.jdt.core.dom.ASTVisitor)" because "coveringNode" is null
java.util.concurrent.CompletionException: java.lang.NullPointerException: Cannot invoke "org.eclipse.jdt.core.dom.ASTNode.accept(org.eclipse.jdt.core.dom.ASTVisitor)" because "coveringNode" is null
	at java.base/java.util.concurrent.CompletableFuture.encodeThrowable(CompletableFuture.java:315)
	at java.base/java.util.concurrent.CompletableFuture.completeThrowable(CompletableFuture.java:320)
	at java.base/java.util.concurrent.CompletableFuture$UniApply.tryFire(CompletableFuture.java:649)
	at java.base/java.util.concurrent.CompletableFuture$Completion.run(CompletableFuture.java:482)
	at java.base/java.lang.Thread.run(Thread.java:840)
Caused by: java.lang.NullPointerException: Cannot invoke "org.eclipse.jdt.core.dom.ASTNode.accept(org.eclipse.jdt.core.dom.ASTVisitor)" because "coveringNode" is null
	at org.eclipse.jdt.ls.core.internal.text.correction.QuickAssistProcessor.getFullyCoveredNodes(QuickAssistProcessor.java:391)
	at org.eclipse.jdt.ls.core.internal.text.correction.SourceAssistProcessor.getSourceActionCommands(SourceAssistProcessor.java:123)
	at org.eclipse.jdt.ls.core.internal.handlers.CodeActionHandler.getCodeActionCommands(CodeActionHandler.java:237)
	at org.eclipse.jdt.ls.core.internal.handlers.JDTLanguageServer.lambda$14(JDTLanguageServer.java:753)
	at org.eclipse.jdt.ls.core.internal.BaseJDTLanguageServer.lambda$0(BaseJDTLanguageServer.java:87)
	at java.base/java.util.concurrent.CompletableFuture$UniApply.tryFire(CompletableFuture.java:646)
	... 2 more

[Error - 3:37:36 PM] Request textDocument/codeAction failed.
  Message: Internal error.
  Code: -32603 
java.util.concurrent.CompletionException: java.lang.NullPointerException: Cannot invoke "org.eclipse.jdt.core.dom.ASTNode.accept(org.eclipse.jdt.core.dom.ASTVisitor)" because "coveringNode" is null
	at java.base/java.util.concurrent.CompletableFuture.encodeThrowable(CompletableFuture.java:315)
	at java.base/java.util.concurrent.CompletableFuture.completeThrowable(CompletableFuture.java:320)
	at java.base/java.util.concurrent.CompletableFuture$UniApply.tryFire(CompletableFuture.java:649)
	at java.base/java.util.concurrent.CompletableFuture$Completion.run(CompletableFuture.java:482)
	at java.base/java.lang.Thread.run(Thread.java:840)
Caused by: java.lang.NullPointerException: Cannot invoke "org.eclipse.jdt.core.dom.ASTNode.accept(org.eclipse.jdt.core.dom.ASTVisitor)" because "coveringNode" is null
	at org.eclipse.jdt.ls.core.internal.text.correction.QuickAssistProcessor.getFullyCoveredNodes(QuickAssistProcessor.java:391)
	at org.eclipse.jdt.ls.core.internal.text.correction.SourceAssistProcessor.getSourceActionCommands(SourceAssistProcessor.java:123)
	at org.eclipse.jdt.ls.core.internal.handlers.CodeActionHandler.getCodeActionCommands(CodeActionHandler.java:237)
	at org.eclipse.jdt.ls.core.internal.handlers.JDTLanguageServer.lambda$14(JDTLanguageServer.java:753)
	at org.eclipse.jdt.ls.core.internal.BaseJDTLanguageServer.lambda$0(BaseJDTLanguageServer.java:87)
	at java.base/java.util.concurrent.CompletableFuture$UniApply.tryFire(CompletableFuture.java:646)
	... 2 more

[Error - 3:37:37 PM] Sep 1, 2024, 3:37:37 PM Error while handling document change. URI: file:///home/ardyop7/_temp.java
End position lies outside document range
org.eclipse.text.edits.MalformedTreeException: End position lies outside document range
	at org.eclipse.text.edits.TextEditProcessor.checkIntegrityDo(TextEditProcessor.java:180)
	at org.eclipse.text.edits.TextEdit.dispatchCheckIntegrity(TextEdit.java:746)
	at org.eclipse.text.edits.TextEditProcessor.performEdits(TextEditProcessor.java:153)
	at org.eclipse.text.edits.TextEdit.apply(TextEdit.java:714)
	at org.eclipse.jdt.ls.core.internal.handlers.BaseDocumentLifeCycleHandler.handleChanged(BaseDocumentLifeCycleHandler.java:503)
	at org.eclipse.jdt.ls.core.internal.handlers.BaseDocumentLifeCycleHandler.didChange(BaseDocumentLifeCycleHandler.java:360)
	at org.eclipse.jdt.ls.core.internal.handlers.JDTLanguageServer.didChange(JDTLanguageServer.java:882)
	at jdk.internal.reflect.GeneratedMethodAccessor20.invoke(Unknown Source)
	at java.base/jdk.internal.reflect.DelegatingMethodAccessorImpl.invoke(DelegatingMethodAccessorImpl.java:43)
	at java.base/java.lang.reflect.Method.invoke(Method.java:569)
	at org.eclipse.lsp4j.jsonrpc.services.GenericEndpoint.lambda$recursiveFindRpcMethods$0(GenericEndpoint.java:65)
	at org.eclipse.lsp4j.jsonrpc.services.GenericEndpoint.notify(GenericEndpoint.java:152)
	at org.eclipse.lsp4j.jsonrpc.RemoteEndpoint.handleNotification(RemoteEndpoint.java:231)
	at org.eclipse.lsp4j.jsonrpc.RemoteEndpoint.consume(RemoteEndpoint.java:198)
	at org.eclipse.jdt.ls.core.internal.ParentProcessWatcher.lambda$1(ParentProcessWatcher.java:144)
	at org.eclipse.lsp4j.jsonrpc.json.StreamMessageProducer.handleMessage(StreamMessageProducer.java:194)
	at org.eclipse.lsp4j.jsonrpc.json.StreamMessageProducer.listen(StreamMessageProducer.java:94)
	at org.eclipse.lsp4j.jsonrpc.json.ConcurrentMessageProcessor.run(ConcurrentMessageProcessor.java:113)
	at java.base/java.util.concurrent.Executors$RunnableAdapter.call(Executors.java:539)
	at java.base/java.util.concurrent.FutureTask.run(FutureTask.java:264)
	at java.base/java.util.concurrent.ThreadPoolExecutor.runWorker(ThreadPoolExecutor.java:1136)
	at java.base/java.util.concurrent.ThreadPoolExecutor$Worker.run(ThreadPoolExecutor.java:635)
	at java.base/java.lang.Thread.run(Thread.java:840)

[Error - 3:37:37 PM] Sep 1, 2024, 3:37:37 PM Error while handling document change. URI: file:///home/ardyop7/_temp.java
End position lies outside document range
org.eclipse.text.edits.MalformedTreeException: End position lies outside document range
	at org.eclipse.text.edits.TextEditProcessor.checkIntegrityDo(TextEditProcessor.java:180)
	at org.eclipse.text.edits.TextEdit.dispatchCheckIntegrity(TextEdit.java:746)
	at org.eclipse.text.edits.TextEditProcessor.performEdits(TextEditProcessor.java:153)
	at org.eclipse.text.edits.TextEdit.apply(TextEdit.java:714)
	at org.eclipse.jdt.ls.core.internal.handlers.BaseDocumentLifeCycleHandler.handleChanged(BaseDocumentLifeCycleHandler.java:503)
	at org.eclipse.jdt.ls.core.internal.handlers.BaseDocumentLifeCycleHandler.didChange(BaseDocumentLifeCycleHandler.java:360)
	at org.eclipse.jdt.ls.core.internal.handlers.JDTLanguageServer.didChange(JDTLanguageServer.java:882)
	at jdk.internal.reflect.GeneratedMethodAccessor20.invoke(Unknown Source)
	at java.base/jdk.internal.reflect.DelegatingMethodAccessorImpl.invoke(DelegatingMethodAccessorImpl.java:43)
	at java.base/java.lang.reflect.Method.invoke(Method.java:569)
	at org.eclipse.lsp4j.jsonrpc.services.GenericEndpoint.lambda$recursiveFindRpcMethods$0(GenericEndpoint.java:65)
	at org.eclipse.lsp4j.jsonrpc.services.GenericEndpoint.notify(GenericEndpoint.java:152)
	at org.eclipse.lsp4j.jsonrpc.RemoteEndpoint.handleNotification(RemoteEndpoint.java:231)
	at org.eclipse.lsp4j.jsonrpc.RemoteEndpoint.consume(RemoteEndpoint.java:198)
	at org.eclipse.jdt.ls.core.internal.ParentProcessWatcher.lambda$1(ParentProcessWatcher.java:144)
	at org.eclipse.lsp4j.jsonrpc.json.StreamMessageProducer.handleMessage(StreamMessageProducer.java:194)
	at org.eclipse.lsp4j.jsonrpc.json.StreamMessageProducer.listen(StreamMessageProducer.java:94)
	at org.eclipse.lsp4j.jsonrpc.json.ConcurrentMessageProcessor.run(ConcurrentMessageProcessor.java:113)
	at java.base/java.util.concurrent.Executors$RunnableAdapter.call(Executors.java:539)
	at java.base/java.util.concurrent.FutureTask.run(FutureTask.java:264)
	at java.base/java.util.concurrent.ThreadPoolExecutor.runWorker(ThreadPoolExecutor.java:1136)
	at java.base/java.util.concurrent.ThreadPoolExecutor$Worker.run(ThreadPoolExecutor.java:635)
	at java.base/java.lang.Thread.run(Thread.java:840)

[Error - 3:37:37 PM] Sep 1, 2024, 3:37:37 PM Error while handling document change. URI: file:///home/ardyop7/_temp.java
End position lies outside document range
org.eclipse.text.edits.MalformedTreeException: End position lies outside document range
	at org.eclipse.text.edits.TextEditProcessor.checkIntegrityDo(TextEditProcessor.java:180)
	at org.eclipse.text.edits.TextEdit.dispatchCheckIntegrity(TextEdit.java:746)
	at org.eclipse.text.edits.TextEditProcessor.performEdits(TextEditProcessor.java:153)
	at org.eclipse.text.edits.TextEdit.apply(TextEdit.java:714)
	at org.eclipse.jdt.ls.core.internal.handlers.BaseDocumentLifeCycleHandler.handleChanged(BaseDocumentLifeCycleHandler.java:503)
	at org.eclipse.jdt.ls.core.internal.handlers.BaseDocumentLifeCycleHandler.didChange(BaseDocumentLifeCycleHandler.java:360)
	at org.eclipse.jdt.ls.core.internal.handlers.JDTLanguageServer.didChange(JDTLanguageServer.java:882)
	at jdk.internal.reflect.GeneratedMethodAccessor20.invoke(Unknown Source)
	at java.base/jdk.internal.reflect.DelegatingMethodAccessorImpl.invoke(DelegatingMethodAccessorImpl.java:43)
	at java.base/java.lang.reflect.Method.invoke(Method.java:569)
	at org.eclipse.lsp4j.jsonrpc.services.GenericEndpoint.lambda$recursiveFindRpcMethods$0(GenericEndpoint.java:65)
	at org.eclipse.lsp4j.jsonrpc.services.GenericEndpoint.notify(GenericEndpoint.java:152)
	at org.eclipse.lsp4j.jsonrpc.RemoteEndpoint.handleNotification(RemoteEndpoint.java:231)
	at org.eclipse.lsp4j.jsonrpc.RemoteEndpoint.consume(RemoteEndpoint.java:198)
	at org.eclipse.jdt.ls.core.internal.ParentProcessWatcher.lambda$1(ParentProcessWatcher.java:144)
	at org.eclipse.lsp4j.jsonrpc.json.StreamMessageProducer.handleMessage(StreamMessageProducer.java:194)
	at org.eclipse.lsp4j.jsonrpc.json.StreamMessageProducer.listen(StreamMessageProducer.java:94)
	at org.eclipse.lsp4j.jsonrpc.json.ConcurrentMessageProcessor.run(ConcurrentMessageProcessor.java:113)
	at java.base/java.util.concurrent.Executors$RunnableAdapter.call(Executors.java:539)
	at java.base/java.util.concurrent.FutureTask.run(FutureTask.java:264)
	at java.base/java.util.concurrent.ThreadPoolExecutor.runWorker(ThreadPoolExecutor.java:1136)
	at java.base/java.util.concurrent.ThreadPoolExecutor$Worker.run(ThreadPoolExecutor.java:635)
	at java.base/java.lang.Thread.run(Thread.java:840)

[Error - 3:37:37 PM] Sep 1, 2024, 3:37:37 PM Error while handling document change. URI: file:///home/ardyop7/_temp.java
End position lies outside document range
org.eclipse.text.edits.MalformedTreeException: End position lies outside document range
	at org.eclipse.text.edits.TextEditProcessor.checkIntegrityDo(TextEditProcessor.java:180)
	at org.eclipse.text.edits.TextEdit.dispatchCheckIntegrity(TextEdit.java:746)
	at org.eclipse.text.edits.TextEditProcessor.performEdits(TextEditProcessor.java:153)
	at org.eclipse.text.edits.TextEdit.apply(TextEdit.java:714)
	at org.eclipse.jdt.ls.core.internal.handlers.BaseDocumentLifeCycleHandler.handleChanged(BaseDocumentLifeCycleHandler.java:503)
	at org.eclipse.jdt.ls.core.internal.handlers.BaseDocumentLifeCycleHandler.didChange(BaseDocumentLifeCycleHandler.java:360)
	at org.eclipse.jdt.ls.core.internal.handlers.JDTLanguageServer.didChange(JDTLanguageServer.java:882)
	at jdk.internal.reflect.GeneratedMethodAccessor20.invoke(Unknown Source)
	at java.base/jdk.internal.reflect.DelegatingMethodAccessorImpl.invoke(DelegatingMethodAccessorImpl.java:43)
	at java.base/java.lang.reflect.Method.invoke(Method.java:569)
	at org.eclipse.lsp4j.jsonrpc.services.GenericEndpoint.lambda$recursiveFindRpcMethods$0(GenericEndpoint.java:65)
	at org.eclipse.lsp4j.jsonrpc.services.GenericEndpoint.notify(GenericEndpoint.java:152)
	at org.eclipse.lsp4j.jsonrpc.RemoteEndpoint.handleNotification(RemoteEndpoint.java:231)
	at org.eclipse.lsp4j.jsonrpc.RemoteEndpoint.consume(RemoteEndpoint.java:198)
	at org.eclipse.jdt.ls.core.internal.ParentProcessWatcher.lambda$1(ParentProcessWatcher.java:144)
	at org.eclipse.lsp4j.jsonrpc.json.StreamMessageProducer.handleMessage(StreamMessageProducer.java:194)
	at org.eclipse.lsp4j.jsonrpc.json.StreamMessageProducer.listen(StreamMessageProducer.java:94)
	at org.eclipse.lsp4j.jsonrpc.json.ConcurrentMessageProcessor.run(ConcurrentMessageProcessor.java:113)
	at java.base/java.util.concurrent.Executors$RunnableAdapter.call(Executors.java:539)
	at java.base/java.util.concurrent.FutureTask.run(FutureTask.java:264)
	at java.base/java.util.concurrent.ThreadPoolExecutor.runWorker(ThreadPoolExecutor.java:1136)
	at java.base/java.util.concurrent.ThreadPoolExecutor$Worker.run(ThreadPoolExecutor.java:635)
	at java.base/java.lang.Thread.run(Thread.java:840)

[Error - 3:37:37 PM] Sep 1, 2024, 3:37:37 PM Problem with codeComplete for file:///home/ardyop7/_temp.java
begin 28, end 32, length 26
java.lang.StringIndexOutOfBoundsException: begin 28, end 32, length 26
	at java.base/java.lang.String.checkBoundsBeginEnd(String.java:4606)
	at java.base/java.lang.String.substring(String.java:2709)
	at org.eclipse.jdt.ls.core.internal.handlers.CompletionHandler.isCompletionForConstructor(CompletionHandler.java:367)
	at org.eclipse.jdt.ls.core.internal.handlers.CompletionHandler.computeContentAssist(CompletionHandler.java:239)
	at org.eclipse.jdt.ls.core.internal.handlers.CompletionHandler.completion(CompletionHandler.java:121)
	at org.eclipse.jdt.ls.core.internal.handlers.JDTLanguageServer.completion(JDTLanguageServer.java:621)
	at java.base/jdk.internal.reflect.NativeMethodAccessorImpl.invoke0(Native Method)
	at java.base/jdk.internal.reflect.NativeMethodAccessorImpl.invoke(NativeMethodAccessorImpl.java:77)
	at java.base/jdk.internal.reflect.DelegatingMethodAccessorImpl.invoke(DelegatingMethodAccessorImpl.java:43)
	at java.base/java.lang.reflect.Method.invoke(Method.java:569)
	at org.eclipse.lsp4j.jsonrpc.services.GenericEndpoint.lambda$recursiveFindRpcMethods$0(GenericEndpoint.java:65)
	at org.eclipse.lsp4j.jsonrpc.services.GenericEndpoint.request(GenericEndpoint.java:120)
	at org.eclipse.lsp4j.jsonrpc.RemoteEndpoint.handleRequest(RemoteEndpoint.java:272)
	at org.eclipse.lsp4j.jsonrpc.RemoteEndpoint.consume(RemoteEndpoint.java:201)
	at org.eclipse.jdt.ls.core.internal.ParentProcessWatcher.lambda$1(ParentProcessWatcher.java:144)
	at org.eclipse.lsp4j.jsonrpc.json.StreamMessageProducer.handleMessage(StreamMessageProducer.java:194)
	at org.eclipse.lsp4j.jsonrpc.json.StreamMessageProducer.listen(StreamMessageProducer.java:94)
	at org.eclipse.lsp4j.jsonrpc.json.ConcurrentMessageProcessor.run(ConcurrentMessageProcessor.java:113)
	at java.base/java.util.concurrent.Executors$RunnableAdapter.call(Executors.java:539)
	at java.base/java.util.concurrent.FutureTask.run(FutureTask.java:264)
	at java.base/java.util.concurrent.ThreadPoolExecutor.runWorker(ThreadPoolExecutor.java:1136)
	at java.base/java.util.concurrent.ThreadPoolExecutor$Worker.run(ThreadPoolExecutor.java:635)
	at java.base/java.lang.Thread.run(Thread.java:840)

[Error - 3:37:37 PM] Sep 1, 2024, 3:37:37 PM Error while handling document change. URI: file:///home/ardyop7/_temp.java
End position lies outside document range
org.eclipse.text.edits.MalformedTreeException: End position lies outside document range
	at org.eclipse.text.edits.TextEditProcessor.checkIntegrityDo(TextEditProcessor.java:180)
	at org.eclipse.text.edits.TextEdit.dispatchCheckIntegrity(TextEdit.java:746)
	at org.eclipse.text.edits.TextEditProcessor.performEdits(TextEditProcessor.java:153)
	at org.eclipse.text.edits.TextEdit.apply(TextEdit.java:714)
	at org.eclipse.jdt.ls.core.internal.handlers.BaseDocumentLifeCycleHandler.handleChanged(BaseDocumentLifeCycleHandler.java:503)
	at org.eclipse.jdt.ls.core.internal.handlers.BaseDocumentLifeCycleHandler.didChange(BaseDocumentLifeCycleHandler.java:360)
	at org.eclipse.jdt.ls.core.internal.handlers.JDTLanguageServer.didChange(JDTLanguageServer.java:882)
	at jdk.internal.reflect.GeneratedMethodAccessor20.invoke(Unknown Source)
	at java.base/jdk.internal.reflect.DelegatingMethodAccessorImpl.invoke(DelegatingMethodAccessorImpl.java:43)
	at java.base/java.lang.reflect.Method.invoke(Method.java:569)
	at org.eclipse.lsp4j.jsonrpc.services.GenericEndpoint.lambda$recursiveFindRpcMethods$0(GenericEndpoint.java:65)
	at org.eclipse.lsp4j.jsonrpc.services.GenericEndpoint.notify(GenericEndpoint.java:152)
	at org.eclipse.lsp4j.jsonrpc.RemoteEndpoint.handleNotification(RemoteEndpoint.java:231)
	at org.eclipse.lsp4j.jsonrpc.RemoteEndpoint.consume(RemoteEndpoint.java:198)
	at org.eclipse.jdt.ls.core.internal.ParentProcessWatcher.lambda$1(ParentProcessWatcher.java:144)
	at org.eclipse.lsp4j.jsonrpc.json.StreamMessageProducer.handleMessage(StreamMessageProducer.java:194)
	at org.eclipse.lsp4j.jsonrpc.json.StreamMessageProducer.listen(StreamMessageProducer.java:94)
	at org.eclipse.lsp4j.jsonrpc.json.ConcurrentMessageProcessor.run(ConcurrentMessageProcessor.java:113)
	at java.base/java.util.concurrent.Executors$RunnableAdapter.call(Executors.java:539)
	at java.base/java.util.concurrent.FutureTask.run(FutureTask.java:264)
	at java.base/java.util.concurrent.ThreadPoolExecutor.runWorker(ThreadPoolExecutor.java:1136)
	at java.base/java.util.concurrent.ThreadPoolExecutor$Worker.run(ThreadPoolExecutor.java:635)
	at java.base/java.lang.Thread.run(Thread.java:840)

[Error - 3:37:37 PM] Sep 1, 2024, 3:37:37 PM Error while handling document change. URI: file:///home/ardyop7/_temp.java
End position lies outside document range
org.eclipse.text.edits.MalformedTreeException: End position lies outside document range
	at org.eclipse.text.edits.TextEditProcessor.checkIntegrityDo(TextEditProcessor.java:180)
	at org.eclipse.text.edits.TextEdit.dispatchCheckIntegrity(TextEdit.java:746)
	at org.eclipse.text.edits.TextEditProcessor.performEdits(TextEditProcessor.java:153)
	at org.eclipse.text.edits.TextEdit.apply(TextEdit.java:714)
	at org.eclipse.jdt.ls.core.internal.handlers.BaseDocumentLifeCycleHandler.handleChanged(BaseDocumentLifeCycleHandler.java:503)
	at org.eclipse.jdt.ls.core.internal.handlers.BaseDocumentLifeCycleHandler.didChange(BaseDocumentLifeCycleHandler.java:360)
	at org.eclipse.jdt.ls.core.internal.handlers.JDTLanguageServer.didChange(JDTLanguageServer.java:882)
	at jdk.internal.reflect.GeneratedMethodAccessor20.invoke(Unknown Source)
	at java.base/jdk.internal.reflect.DelegatingMethodAccessorImpl.invoke(DelegatingMethodAccessorImpl.java:43)
	at java.base/java.lang.reflect.Method.invoke(Method.java:569)
	at org.eclipse.lsp4j.jsonrpc.services.GenericEndpoint.lambda$recursiveFindRpcMethods$0(GenericEndpoint.java:65)
	at org.eclipse.lsp4j.jsonrpc.services.GenericEndpoint.notify(GenericEndpoint.java:152)
	at org.eclipse.lsp4j.jsonrpc.RemoteEndpoint.handleNotification(RemoteEndpoint.java:231)
	at org.eclipse.lsp4j.jsonrpc.RemoteEndpoint.consume(RemoteEndpoint.java:198)
	at org.eclipse.jdt.ls.core.internal.ParentProcessWatcher.lambda$1(ParentProcessWatcher.java:144)
	at org.eclipse.lsp4j.jsonrpc.json.StreamMessageProducer.handleMessage(StreamMessageProducer.java:194)
	at org.eclipse.lsp4j.jsonrpc.json.StreamMessageProducer.listen(StreamMessageProducer.java:94)
	at org.eclipse.lsp4j.jsonrpc.json.ConcurrentMessageProcessor.run(ConcurrentMessageProcessor.java:113)
	at java.base/java.util.concurrent.Executors$RunnableAdapter.call(Executors.java:539)
	at java.base/java.util.concurrent.FutureTask.run(FutureTask.java:264)
	at java.base/java.util.concurrent.ThreadPoolExecutor.runWorker(ThreadPoolExecutor.java:1136)
	at java.base/java.util.concurrent.ThreadPoolExecutor$Worker.run(ThreadPoolExecutor.java:635)
	at java.base/java.lang.Thread.run(Thread.java:840)

[Error - 3:37:37 PM] Sep 1, 2024, 3:37:37 PM Error while handling document change. URI: file:///home/ardyop7/_temp.java
End position lies outside document range
org.eclipse.text.edits.MalformedTreeException: End position lies outside document range
	at org.eclipse.text.edits.TextEditProcessor.checkIntegrityDo(TextEditProcessor.java:180)
	at org.eclipse.text.edits.TextEdit.dispatchCheckIntegrity(TextEdit.java:746)
	at org.eclipse.text.edits.TextEditProcessor.performEdits(TextEditProcessor.java:153)
	at org.eclipse.text.edits.TextEdit.apply(TextEdit.java:714)
	at org.eclipse.jdt.ls.core.internal.handlers.BaseDocumentLifeCycleHandler.handleChanged(BaseDocumentLifeCycleHandler.java:503)
	at org.eclipse.jdt.ls.core.internal.handlers.BaseDocumentLifeCycleHandler.didChange(BaseDocumentLifeCycleHandler.java:360)
	at org.eclipse.jdt.ls.core.internal.handlers.JDTLanguageServer.didChange(JDTLanguageServer.java:882)
	at jdk.internal.reflect.GeneratedMethodAccessor20.invoke(Unknown Source)
	at java.base/jdk.internal.reflect.DelegatingMethodAccessorImpl.invoke(DelegatingMethodAccessorImpl.java:43)
	at java.base/java.lang.reflect.Method.invoke(Method.java:569)
	at org.eclipse.lsp4j.jsonrpc.services.GenericEndpoint.lambda$recursiveFindRpcMethods$0(GenericEndpoint.java:65)
	at org.eclipse.lsp4j.jsonrpc.services.GenericEndpoint.notify(GenericEndpoint.java:152)
	at org.eclipse.lsp4j.jsonrpc.RemoteEndpoint.handleNotification(RemoteEndpoint.java:231)
	at org.eclipse.lsp4j.jsonrpc.RemoteEndpoint.consume(RemoteEndpoint.java:198)
	at org.eclipse.jdt.ls.core.internal.ParentProcessWatcher.lambda$1(ParentProcessWatcher.java:144)
	at org.eclipse.lsp4j.jsonrpc.json.StreamMessageProducer.handleMessage(StreamMessageProducer.java:194)
	at org.eclipse.lsp4j.jsonrpc.json.StreamMessageProducer.listen(StreamMessageProducer.java:94)
	at org.eclipse.lsp4j.jsonrpc.json.ConcurrentMessageProcessor.run(ConcurrentMessageProcessor.java:113)
	at java.base/java.util.concurrent.Executors$RunnableAdapter.call(Executors.java:539)
	at java.base/java.util.concurrent.FutureTask.run(FutureTask.java:264)
	at java.base/java.util.concurrent.ThreadPoolExecutor.runWorker(ThreadPoolExecutor.java:1136)
	at java.base/java.util.concurrent.ThreadPoolExecutor$Worker.run(ThreadPoolExecutor.java:635)
	at java.base/java.lang.Thread.run(Thread.java:840)

Sep 01, 2024 3:37:38 PM org.eclipse.lsp4j.jsonrpc.RemoteEndpoint fallbackResponseError
SEVERE: Internal error: java.lang.NullPointerException: Cannot invoke "org.eclipse.jdt.core.dom.ASTNode.accept(org.eclipse.jdt.core.dom.ASTVisitor)" because "coveringNode" is null
java.util.concurrent.CompletionException: java.lang.NullPointerException: Cannot invoke "org.eclipse.jdt.core.dom.ASTNode.accept(org.eclipse.jdt.core.dom.ASTVisitor)" because "coveringNode" is null
	at java.base/java.util.concurrent.CompletableFuture.encodeThrowable(CompletableFuture.java:315)
	at java.base/java.util.concurrent.CompletableFuture.completeThrowable(CompletableFuture.java:320)
	at java.base/java.util.concurrent.CompletableFuture$UniApply.tryFire(CompletableFuture.java:649)
	at java.base/java.util.concurrent.CompletableFuture$Completion.run(CompletableFuture.java:482)
	at java.base/java.lang.Thread.run(Thread.java:840)
Caused by: java.lang.NullPointerException: Cannot invoke "org.eclipse.jdt.core.dom.ASTNode.accept(org.eclipse.jdt.core.dom.ASTVisitor)" because "coveringNode" is null
	at org.eclipse.jdt.ls.core.internal.text.correction.QuickAssistProcessor.getFullyCoveredNodes(QuickAssistProcessor.java:391)
	at org.eclipse.jdt.ls.core.internal.text.correction.SourceAssistProcessor.getSourceActionCommands(SourceAssistProcessor.java:123)
	at org.eclipse.jdt.ls.core.internal.handlers.CodeActionHandler.getCodeActionCommands(CodeActionHandler.java:237)
	at org.eclipse.jdt.ls.core.internal.handlers.JDTLanguageServer.lambda$14(JDTLanguageServer.java:753)
	at org.eclipse.jdt.ls.core.internal.BaseJDTLanguageServer.lambda$0(BaseJDTLanguageServer.java:87)
	at java.base/java.util.concurrent.CompletableFuture$UniApply.tryFire(CompletableFuture.java:646)
	... 2 more

[Error - 3:37:38 PM] Request textDocument/codeAction failed.
  Message: Internal error.
  Code: -32603 
java.util.concurrent.CompletionException: java.lang.NullPointerException: Cannot invoke "org.eclipse.jdt.core.dom.ASTNode.accept(org.eclipse.jdt.core.dom.ASTVisitor)" because "coveringNode" is null
	at java.base/java.util.concurrent.CompletableFuture.encodeThrowable(CompletableFuture.java:315)
	at java.base/java.util.concurrent.CompletableFuture.completeThrowable(CompletableFuture.java:320)
	at java.base/java.util.concurrent.CompletableFuture$UniApply.tryFire(CompletableFuture.java:649)
	at java.base/java.util.concurrent.CompletableFuture$Completion.run(CompletableFuture.java:482)
	at java.base/java.lang.Thread.run(Thread.java:840)
Caused by: java.lang.NullPointerException: Cannot invoke "org.eclipse.jdt.core.dom.ASTNode.accept(org.eclipse.jdt.core.dom.ASTVisitor)" because "coveringNode" is null
	at org.eclipse.jdt.ls.core.internal.text.correction.QuickAssistProcessor.getFullyCoveredNodes(QuickAssistProcessor.java:391)
	at org.eclipse.jdt.ls.core.internal.text.correction.SourceAssistProcessor.getSourceActionCommands(SourceAssistProcessor.java:123)
	at org.eclipse.jdt.ls.core.internal.handlers.CodeActionHandler.getCodeActionCommands(CodeActionHandler.java:237)
	at org.eclipse.jdt.ls.core.internal.handlers.JDTLanguageServer.lambda$14(JDTLanguageServer.java:753)
	at org.eclipse.jdt.ls.core.internal.BaseJDTLanguageServer.lambda$0(BaseJDTLanguageServer.java:87)
	at java.base/java.util.concurrent.CompletableFuture$UniApply.tryFire(CompletableFuture.java:646)
	... 2 more

[Error - 3:37:38 PM] Sep 1, 2024, 3:37:38 PM Error while handling document change. URI: file:///home/ardyop7/_temp.java
End position lies outside document range
org.eclipse.text.edits.MalformedTreeException: End position lies outside document range
	at org.eclipse.text.edits.TextEditProcessor.checkIntegrityDo(TextEditProcessor.java:180)
	at org.eclipse.text.edits.TextEdit.dispatchCheckIntegrity(TextEdit.java:746)
	at org.eclipse.text.edits.TextEditProcessor.performEdits(TextEditProcessor.java:153)
	at org.eclipse.text.edits.TextEdit.apply(TextEdit.java:714)
	at org.eclipse.jdt.ls.core.internal.handlers.BaseDocumentLifeCycleHandler.handleChanged(BaseDocumentLifeCycleHandler.java:503)
	at org.eclipse.jdt.ls.core.internal.handlers.BaseDocumentLifeCycleHandler.didChange(BaseDocumentLifeCycleHandler.java:360)
	at org.eclipse.jdt.ls.core.internal.handlers.JDTLanguageServer.didChange(JDTLanguageServer.java:882)
	at jdk.internal.reflect.GeneratedMethodAccessor20.invoke(Unknown Source)
	at java.base/jdk.internal.reflect.DelegatingMethodAccessorImpl.invoke(DelegatingMethodAccessorImpl.java:43)
	at java.base/java.lang.reflect.Method.invoke(Method.java:569)
	at org.eclipse.lsp4j.jsonrpc.services.GenericEndpoint.lambda$recursiveFindRpcMethods$0(GenericEndpoint.java:65)
	at org.eclipse.lsp4j.jsonrpc.services.GenericEndpoint.notify(GenericEndpoint.java:152)
	at org.eclipse.lsp4j.jsonrpc.RemoteEndpoint.handleNotification(RemoteEndpoint.java:231)
	at org.eclipse.lsp4j.jsonrpc.RemoteEndpoint.consume(RemoteEndpoint.java:198)
	at org.eclipse.jdt.ls.core.internal.ParentProcessWatcher.lambda$1(ParentProcessWatcher.java:144)
	at org.eclipse.lsp4j.jsonrpc.json.StreamMessageProducer.handleMessage(StreamMessageProducer.java:194)
	at org.eclipse.lsp4j.jsonrpc.json.StreamMessageProducer.listen(StreamMessageProducer.java:94)
	at org.eclipse.lsp4j.jsonrpc.json.ConcurrentMessageProcessor.run(ConcurrentMessageProcessor.java:113)
	at java.base/java.util.concurrent.Executors$RunnableAdapter.call(Executors.java:539)
	at java.base/java.util.concurrent.FutureTask.run(FutureTask.java:264)
	at java.base/java.util.concurrent.ThreadPoolExecutor.runWorker(ThreadPoolExecutor.java:1136)
	at java.base/java.util.concurrent.ThreadPoolExecutor$Worker.run(ThreadPoolExecutor.java:635)
	at java.base/java.lang.Thread.run(Thread.java:840)

[Error - 3:37:38 PM] Sep 1, 2024, 3:37:38 PM Error while handling document change. URI: file:///home/ardyop7/_temp.java
End position lies outside document range
org.eclipse.text.edits.MalformedTreeException: End position lies outside document range
	at org.eclipse.text.edits.TextEditProcessor.checkIntegrityDo(TextEditProcessor.java:180)
	at org.eclipse.text.edits.TextEdit.dispatchCheckIntegrity(TextEdit.java:746)
	at org.eclipse.text.edits.TextEditProcessor.performEdits(TextEditProcessor.java:153)
	at org.eclipse.text.edits.TextEdit.apply(TextEdit.java:714)
	at org.eclipse.jdt.ls.core.internal.handlers.BaseDocumentLifeCycleHandler.handleChanged(BaseDocumentLifeCycleHandler.java:503)
	at org.eclipse.jdt.ls.core.internal.handlers.BaseDocumentLifeCycleHandler.didChange(BaseDocumentLifeCycleHandler.java:360)
	at org.eclipse.jdt.ls.core.internal.handlers.JDTLanguageServer.didChange(JDTLanguageServer.java:882)
	at jdk.internal.reflect.GeneratedMethodAccessor20.invoke(Unknown Source)
	at java.base/jdk.internal.reflect.DelegatingMethodAccessorImpl.invoke(DelegatingMethodAccessorImpl.java:43)
	at java.base/java.lang.reflect.Method.invoke(Method.java:569)
	at org.eclipse.lsp4j.jsonrpc.services.GenericEndpoint.lambda$recursiveFindRpcMethods$0(GenericEndpoint.java:65)
	at org.eclipse.lsp4j.jsonrpc.services.GenericEndpoint.notify(GenericEndpoint.java:152)
	at org.eclipse.lsp4j.jsonrpc.RemoteEndpoint.handleNotification(RemoteEndpoint.java:231)
	at org.eclipse.lsp4j.jsonrpc.RemoteEndpoint.consume(RemoteEndpoint.java:198)
	at org.eclipse.jdt.ls.core.internal.ParentProcessWatcher.lambda$1(ParentProcessWatcher.java:144)
	at org.eclipse.lsp4j.jsonrpc.json.StreamMessageProducer.handleMessage(StreamMessageProducer.java:194)
	at org.eclipse.lsp4j.jsonrpc.json.StreamMessageProducer.listen(StreamMessageProducer.java:94)
	at org.eclipse.lsp4j.jsonrpc.json.ConcurrentMessageProcessor.run(ConcurrentMessageProcessor.java:113)
	at java.base/java.util.concurrent.Executors$RunnableAdapter.call(Executors.java:539)
	at java.base/java.util.concurrent.FutureTask.run(FutureTask.java:264)
	at java.base/java.util.concurrent.ThreadPoolExecutor.runWorker(ThreadPoolExecutor.java:1136)
	at java.base/java.util.concurrent.ThreadPoolExecutor$Worker.run(ThreadPoolExecutor.java:635)
	at java.base/java.lang.Thread.run(Thread.java:840)

[Error - 3:37:38 PM] Sep 1, 2024, 3:37:38 PM Error while handling document change. URI: file:///home/ardyop7/_temp.java
End position lies outside document range
org.eclipse.text.edits.MalformedTreeException: End position lies outside document range
	at org.eclipse.text.edits.TextEditProcessor.checkIntegrityDo(TextEditProcessor.java:180)
	at org.eclipse.text.edits.TextEdit.dispatchCheckIntegrity(TextEdit.java:746)
	at org.eclipse.text.edits.TextEditProcessor.performEdits(TextEditProcessor.java:153)
	at org.eclipse.text.edits.TextEdit.apply(TextEdit.java:714)
	at org.eclipse.jdt.ls.core.internal.handlers.BaseDocumentLifeCycleHandler.handleChanged(BaseDocumentLifeCycleHandler.java:503)
	at org.eclipse.jdt.ls.core.internal.handlers.BaseDocumentLifeCycleHandler.didChange(BaseDocumentLifeCycleHandler.java:360)
	at org.eclipse.jdt.ls.core.internal.handlers.JDTLanguageServer.didChange(JDTLanguageServer.java:882)
	at jdk.internal.reflect.GeneratedMethodAccessor20.invoke(Unknown Source)
	at java.base/jdk.internal.reflect.DelegatingMethodAccessorImpl.invoke(DelegatingMethodAccessorImpl.java:43)
	at java.base/java.lang.reflect.Method.invoke(Method.java:569)
	at org.eclipse.lsp4j.jsonrpc.services.GenericEndpoint.lambda$recursiveFindRpcMethods$0(GenericEndpoint.java:65)
	at org.eclipse.lsp4j.jsonrpc.services.GenericEndpoint.notify(GenericEndpoint.java:152)
	at org.eclipse.lsp4j.jsonrpc.RemoteEndpoint.handleNotification(RemoteEndpoint.java:231)
	at org.eclipse.lsp4j.jsonrpc.RemoteEndpoint.consume(RemoteEndpoint.java:198)
	at org.eclipse.jdt.ls.core.internal.ParentProcessWatcher.lambda$1(ParentProcessWatcher.java:144)
	at org.eclipse.lsp4j.jsonrpc.json.StreamMessageProducer.handleMessage(StreamMessageProducer.java:194)
	at org.eclipse.lsp4j.jsonrpc.json.StreamMessageProducer.listen(StreamMessageProducer.java:94)
	at org.eclipse.lsp4j.jsonrpc.json.ConcurrentMessageProcessor.run(ConcurrentMessageProcessor.java:113)
	at java.base/java.util.concurrent.Executors$RunnableAdapter.call(Executors.java:539)
	at java.base/java.util.concurrent.FutureTask.run(FutureTask.java:264)
	at java.base/java.util.concurrent.ThreadPoolExecutor.runWorker(ThreadPoolExecutor.java:1136)
	at java.base/java.util.concurrent.ThreadPoolExecutor$Worker.run(ThreadPoolExecutor.java:635)
	at java.base/java.lang.Thread.run(Thread.java:840)

[Error - 3:37:38 PM] Sep 1, 2024, 3:37:38 PM Error while handling document change. URI: file:///home/ardyop7/_temp.java
End position lies outside document range
org.eclipse.text.edits.MalformedTreeException: End position lies outside document range
	at org.eclipse.text.edits.TextEditProcessor.checkIntegrityDo(TextEditProcessor.java:180)
	at org.eclipse.text.edits.TextEdit.dispatchCheckIntegrity(TextEdit.java:746)
	at org.eclipse.text.edits.TextEditProcessor.performEdits(TextEditProcessor.java:153)
	at org.eclipse.text.edits.TextEdit.apply(TextEdit.java:714)
	at org.eclipse.jdt.ls.core.internal.handlers.BaseDocumentLifeCycleHandler.handleChanged(BaseDocumentLifeCycleHandler.java:503)
	at org.eclipse.jdt.ls.core.internal.handlers.BaseDocumentLifeCycleHandler.didChange(BaseDocumentLifeCycleHandler.java:360)
	at org.eclipse.jdt.ls.core.internal.handlers.JDTLanguageServer.didChange(JDTLanguageServer.java:882)
	at jdk.internal.reflect.GeneratedMethodAccessor20.invoke(Unknown Source)
	at java.base/jdk.internal.reflect.DelegatingMethodAccessorImpl.invoke(DelegatingMethodAccessorImpl.java:43)
	at java.base/java.lang.reflect.Method.invoke(Method.java:569)
	at org.eclipse.lsp4j.jsonrpc.services.GenericEndpoint.lambda$recursiveFindRpcMethods$0(GenericEndpoint.java:65)
	at org.eclipse.lsp4j.jsonrpc.services.GenericEndpoint.notify(GenericEndpoint.java:152)
	at org.eclipse.lsp4j.jsonrpc.RemoteEndpoint.handleNotification(RemoteEndpoint.java:231)
	at org.eclipse.lsp4j.jsonrpc.RemoteEndpoint.consume(RemoteEndpoint.java:198)
	at org.eclipse.jdt.ls.core.internal.ParentProcessWatcher.lambda$1(ParentProcessWatcher.java:144)
	at org.eclipse.lsp4j.jsonrpc.json.StreamMessageProducer.handleMessage(StreamMessageProducer.java:194)
	at org.eclipse.lsp4j.jsonrpc.json.StreamMessageProducer.listen(StreamMessageProducer.java:94)
	at org.eclipse.lsp4j.jsonrpc.json.ConcurrentMessageProcessor.run(ConcurrentMessageProcessor.java:113)
	at java.base/java.util.concurrent.Executors$RunnableAdapter.call(Executors.java:539)
	at java.base/java.util.concurrent.FutureTask.run(FutureTask.java:264)
	at java.base/java.util.concurrent.ThreadPoolExecutor.runWorker(ThreadPoolExecutor.java:1136)
	at java.base/java.util.concurrent.ThreadPoolExecutor$Worker.run(ThreadPoolExecutor.java:635)
	at java.base/java.lang.Thread.run(Thread.java:840)

[Error - 3:37:38 PM] Sep 1, 2024, 3:37:38 PM Problem with codeComplete for file:///home/ardyop7/_temp.java
begin 29, end 33, length 26
java.lang.StringIndexOutOfBoundsException: begin 29, end 33, length 26
	at java.base/java.lang.String.checkBoundsBeginEnd(String.java:4606)
	at java.base/java.lang.String.substring(String.java:2709)
	at org.eclipse.jdt.ls.core.internal.handlers.CompletionHandler.isCompletionForConstructor(CompletionHandler.java:367)
	at org.eclipse.jdt.ls.core.internal.handlers.CompletionHandler.computeContentAssist(CompletionHandler.java:239)
	at org.eclipse.jdt.ls.core.internal.handlers.CompletionHandler.completion(CompletionHandler.java:121)
	at org.eclipse.jdt.ls.core.internal.handlers.JDTLanguageServer.completion(JDTLanguageServer.java:621)
	at java.base/jdk.internal.reflect.NativeMethodAccessorImpl.invoke0(Native Method)
	at java.base/jdk.internal.reflect.NativeMethodAccessorImpl.invoke(NativeMethodAccessorImpl.java:77)
	at java.base/jdk.internal.reflect.DelegatingMethodAccessorImpl.invoke(DelegatingMethodAccessorImpl.java:43)
	at java.base/java.lang.reflect.Method.invoke(Method.java:569)
	at org.eclipse.lsp4j.jsonrpc.services.GenericEndpoint.lambda$recursiveFindRpcMethods$0(GenericEndpoint.java:65)
	at org.eclipse.lsp4j.jsonrpc.services.GenericEndpoint.request(GenericEndpoint.java:120)
	at org.eclipse.lsp4j.jsonrpc.RemoteEndpoint.handleRequest(RemoteEndpoint.java:272)
	at org.eclipse.lsp4j.jsonrpc.RemoteEndpoint.consume(RemoteEndpoint.java:201)
	at org.eclipse.jdt.ls.core.internal.ParentProcessWatcher.lambda$1(ParentProcessWatcher.java:144)
	at org.eclipse.lsp4j.jsonrpc.json.StreamMessageProducer.handleMessage(StreamMessageProducer.java:194)
	at org.eclipse.lsp4j.jsonrpc.json.StreamMessageProducer.listen(StreamMessageProducer.java:94)
	at org.eclipse.lsp4j.jsonrpc.json.ConcurrentMessageProcessor.run(ConcurrentMessageProcessor.java:113)
	at java.base/java.util.concurrent.Executors$RunnableAdapter.call(Executors.java:539)
	at java.base/java.util.concurrent.FutureTask.run(FutureTask.java:264)
	at java.base/java.util.concurrent.ThreadPoolExecutor.runWorker(ThreadPoolExecutor.java:1136)
	at java.base/java.util.concurrent.ThreadPoolExecutor$Worker.run(ThreadPoolExecutor.java:635)
	at java.base/java.lang.Thread.run(Thread.java:840)

[Error - 3:37:38 PM] Sep 1, 2024, 3:37:38 PM Error while handling document change. URI: file:///home/ardyop7/_temp.java
End position lies outside document range
org.eclipse.text.edits.MalformedTreeException: End position lies outside document range
	at org.eclipse.text.edits.TextEditProcessor.checkIntegrityDo(TextEditProcessor.java:180)
	at org.eclipse.text.edits.TextEdit.dispatchCheckIntegrity(TextEdit.java:746)
	at org.eclipse.text.edits.TextEditProcessor.performEdits(TextEditProcessor.java:153)
	at org.eclipse.text.edits.TextEdit.apply(TextEdit.java:714)
	at org.eclipse.jdt.ls.core.internal.handlers.BaseDocumentLifeCycleHandler.handleChanged(BaseDocumentLifeCycleHandler.java:503)
	at org.eclipse.jdt.ls.core.internal.handlers.BaseDocumentLifeCycleHandler.didChange(BaseDocumentLifeCycleHandler.java:360)
	at org.eclipse.jdt.ls.core.internal.handlers.JDTLanguageServer.didChange(JDTLanguageServer.java:882)
	at jdk.internal.reflect.GeneratedMethodAccessor20.invoke(Unknown Source)
	at java.base/jdk.internal.reflect.DelegatingMethodAccessorImpl.invoke(DelegatingMethodAccessorImpl.java:43)
	at java.base/java.lang.reflect.Method.invoke(Method.java:569)
	at org.eclipse.lsp4j.jsonrpc.services.GenericEndpoint.lambda$recursiveFindRpcMethods$0(GenericEndpoint.java:65)
	at org.eclipse.lsp4j.jsonrpc.services.GenericEndpoint.notify(GenericEndpoint.java:152)
	at org.eclipse.lsp4j.jsonrpc.RemoteEndpoint.handleNotification(RemoteEndpoint.java:231)
	at org.eclipse.lsp4j.jsonrpc.RemoteEndpoint.consume(RemoteEndpoint.java:198)
	at org.eclipse.jdt.ls.core.internal.ParentProcessWatcher.lambda$1(ParentProcessWatcher.java:144)
	at org.eclipse.lsp4j.jsonrpc.json.StreamMessageProducer.handleMessage(StreamMessageProducer.java:194)
	at org.eclipse.lsp4j.jsonrpc.json.StreamMessageProducer.listen(StreamMessageProducer.java:94)
	at org.eclipse.lsp4j.jsonrpc.json.ConcurrentMessageProcessor.run(ConcurrentMessageProcessor.java:113)
	at java.base/java.util.concurrent.Executors$RunnableAdapter.call(Executors.java:539)
	at java.base/java.util.concurrent.FutureTask.run(FutureTask.java:264)
	at java.base/java.util.concurrent.ThreadPoolExecutor.runWorker(ThreadPoolExecutor.java:1136)
	at java.base/java.util.concurrent.ThreadPoolExecutor$Worker.run(ThreadPoolExecutor.java:635)
	at java.base/java.lang.Thread.run(Thread.java:840)

[Error - 3:37:38 PM] Sep 1, 2024, 3:37:38 PM Error while handling document change. URI: file:///home/ardyop7/_temp.java
End position lies outside document range
org.eclipse.text.edits.MalformedTreeException: End position lies outside document range
	at org.eclipse.text.edits.TextEditProcessor.checkIntegrityDo(TextEditProcessor.java:180)
	at org.eclipse.text.edits.TextEdit.dispatchCheckIntegrity(TextEdit.java:746)
	at org.eclipse.text.edits.TextEditProcessor.performEdits(TextEditProcessor.java:153)
	at org.eclipse.text.edits.TextEdit.apply(TextEdit.java:714)
	at org.eclipse.jdt.ls.core.internal.handlers.BaseDocumentLifeCycleHandler.handleChanged(BaseDocumentLifeCycleHandler.java:503)
	at org.eclipse.jdt.ls.core.internal.handlers.BaseDocumentLifeCycleHandler.didChange(BaseDocumentLifeCycleHandler.java:360)
	at org.eclipse.jdt.ls.core.internal.handlers.JDTLanguageServer.didChange(JDTLanguageServer.java:882)
	at jdk.internal.reflect.GeneratedMethodAccessor20.invoke(Unknown Source)
	at java.base/jdk.internal.reflect.DelegatingMethodAccessorImpl.invoke(DelegatingMethodAccessorImpl.java:43)
	at java.base/java.lang.reflect.Method.invoke(Method.java:569)
	at org.eclipse.lsp4j.jsonrpc.services.GenericEndpoint.lambda$recursiveFindRpcMethods$0(GenericEndpoint.java:65)
	at org.eclipse.lsp4j.jsonrpc.services.GenericEndpoint.notify(GenericEndpoint.java:152)
	at org.eclipse.lsp4j.jsonrpc.RemoteEndpoint.handleNotification(RemoteEndpoint.java:231)
	at org.eclipse.lsp4j.jsonrpc.RemoteEndpoint.consume(RemoteEndpoint.java:198)
	at org.eclipse.jdt.ls.core.internal.ParentProcessWatcher.lambda$1(ParentProcessWatcher.java:144)
	at org.eclipse.lsp4j.jsonrpc.json.StreamMessageProducer.handleMessage(StreamMessageProducer.java:194)
	at org.eclipse.lsp4j.jsonrpc.json.StreamMessageProducer.listen(StreamMessageProducer.java:94)
	at org.eclipse.lsp4j.jsonrpc.json.ConcurrentMessageProcessor.run(ConcurrentMessageProcessor.java:113)
	at java.base/java.util.concurrent.Executors$RunnableAdapter.call(Executors.java:539)
	at java.base/java.util.concurrent.FutureTask.run(FutureTask.java:264)
	at java.base/java.util.concurrent.ThreadPoolExecutor.runWorker(ThreadPoolExecutor.java:1136)
	at java.base/java.util.concurrent.ThreadPoolExecutor$Worker.run(ThreadPoolExecutor.java:635)
	at java.base/java.lang.Thread.run(Thread.java:840)

[Error - 3:37:39 PM] Sep 1, 2024, 3:37:39 PM Error while handling document change. URI: file:///home/ardyop7/_temp.java
End position lies outside document range
org.eclipse.text.edits.MalformedTreeException: End position lies outside document range
	at org.eclipse.text.edits.TextEditProcessor.checkIntegrityDo(TextEditProcessor.java:180)
	at org.eclipse.text.edits.TextEdit.dispatchCheckIntegrity(TextEdit.java:746)
	at org.eclipse.text.edits.TextEditProcessor.performEdits(TextEditProcessor.java:153)
	at org.eclipse.text.edits.TextEdit.apply(TextEdit.java:714)
	at org.eclipse.jdt.ls.core.internal.handlers.BaseDocumentLifeCycleHandler.handleChanged(BaseDocumentLifeCycleHandler.java:503)
	at org.eclipse.jdt.ls.core.internal.handlers.BaseDocumentLifeCycleHandler.didChange(BaseDocumentLifeCycleHandler.java:360)
	at org.eclipse.jdt.ls.core.internal.handlers.JDTLanguageServer.didChange(JDTLanguageServer.java:882)
	at jdk.internal.reflect.GeneratedMethodAccessor20.invoke(Unknown Source)
	at java.base/jdk.internal.reflect.DelegatingMethodAccessorImpl.invoke(DelegatingMethodAccessorImpl.java:43)
	at java.base/java.lang.reflect.Method.invoke(Method.java:569)
	at org.eclipse.lsp4j.jsonrpc.services.GenericEndpoint.lambda$recursiveFindRpcMethods$0(GenericEndpoint.java:65)
	at org.eclipse.lsp4j.jsonrpc.services.GenericEndpoint.notify(GenericEndpoint.java:152)
	at org.eclipse.lsp4j.jsonrpc.RemoteEndpoint.handleNotification(RemoteEndpoint.java:231)
	at org.eclipse.lsp4j.jsonrpc.RemoteEndpoint.consume(RemoteEndpoint.java:198)
	at org.eclipse.jdt.ls.core.internal.ParentProcessWatcher.lambda$1(ParentProcessWatcher.java:144)
	at org.eclipse.lsp4j.jsonrpc.json.StreamMessageProducer.handleMessage(StreamMessageProducer.java:194)
	at org.eclipse.lsp4j.jsonrpc.json.StreamMessageProducer.listen(StreamMessageProducer.java:94)
	at org.eclipse.lsp4j.jsonrpc.json.ConcurrentMessageProcessor.run(ConcurrentMessageProcessor.java:113)
	at java.base/java.util.concurrent.Executors$RunnableAdapter.call(Executors.java:539)
	at java.base/java.util.concurrent.FutureTask.run(FutureTask.java:264)
	at java.base/java.util.concurrent.ThreadPoolExecutor.runWorker(ThreadPoolExecutor.java:1136)
	at java.base/java.util.concurrent.ThreadPoolExecutor$Worker.run(ThreadPoolExecutor.java:635)
	at java.base/java.lang.Thread.run(Thread.java:840)

[Error - 3:37:39 PM] Sep 1, 2024, 3:37:39 PM Error while handling document change. URI: file:///home/ardyop7/_temp.java
End position lies outside document range
org.eclipse.text.edits.MalformedTreeException: End position lies outside document range
	at org.eclipse.text.edits.TextEditProcessor.checkIntegrityDo(TextEditProcessor.java:180)
	at org.eclipse.text.edits.TextEdit.dispatchCheckIntegrity(TextEdit.java:746)
	at org.eclipse.text.edits.TextEditProcessor.performEdits(TextEditProcessor.java:153)
	at org.eclipse.text.edits.TextEdit.apply(TextEdit.java:714)
	at org.eclipse.jdt.ls.core.internal.handlers.BaseDocumentLifeCycleHandler.handleChanged(BaseDocumentLifeCycleHandler.java:503)
	at org.eclipse.jdt.ls.core.internal.handlers.BaseDocumentLifeCycleHandler.didChange(BaseDocumentLifeCycleHandler.java:360)
	at org.eclipse.jdt.ls.core.internal.handlers.JDTLanguageServer.didChange(JDTLanguageServer.java:882)
	at jdk.internal.reflect.GeneratedMethodAccessor20.invoke(Unknown Source)
	at java.base/jdk.internal.reflect.DelegatingMethodAccessorImpl.invoke(DelegatingMethodAccessorImpl.java:43)
	at java.base/java.lang.reflect.Method.invoke(Method.java:569)
	at org.eclipse.lsp4j.jsonrpc.services.GenericEndpoint.lambda$recursiveFindRpcMethods$0(GenericEndpoint.java:65)
	at org.eclipse.lsp4j.jsonrpc.services.GenericEndpoint.notify(GenericEndpoint.java:152)
	at org.eclipse.lsp4j.jsonrpc.RemoteEndpoint.handleNotification(RemoteEndpoint.java:231)
	at org.eclipse.lsp4j.jsonrpc.RemoteEndpoint.consume(RemoteEndpoint.java:198)
	at org.eclipse.jdt.ls.core.internal.ParentProcessWatcher.lambda$1(ParentProcessWatcher.java:144)
	at org.eclipse.lsp4j.jsonrpc.json.StreamMessageProducer.handleMessage(StreamMessageProducer.java:194)
	at org.eclipse.lsp4j.jsonrpc.json.StreamMessageProducer.listen(StreamMessageProducer.java:94)
	at org.eclipse.lsp4j.jsonrpc.json.ConcurrentMessageProcessor.run(ConcurrentMessageProcessor.java:113)
	at java.base/java.util.concurrent.Executors$RunnableAdapter.call(Executors.java:539)
	at java.base/java.util.concurrent.FutureTask.run(FutureTask.java:264)
	at java.base/java.util.concurrent.ThreadPoolExecutor.runWorker(ThreadPoolExecutor.java:1136)
	at java.base/java.util.concurrent.ThreadPoolExecutor$Worker.run(ThreadPoolExecutor.java:635)
	at java.base/java.lang.Thread.run(Thread.java:840)

Sep 01, 2024 3:37:39 PM org.eclipse.lsp4j.jsonrpc.RemoteEndpoint fallbackResponseError
SEVERE: Internal error: java.lang.NullPointerException: Cannot invoke "org.eclipse.jdt.core.dom.ASTNode.accept(org.eclipse.jdt.core.dom.ASTVisitor)" because "coveringNode" is null
java.util.concurrent.CompletionException: java.lang.NullPointerException: Cannot invoke "org.eclipse.jdt.core.dom.ASTNode.accept(org.eclipse.jdt.core.dom.ASTVisitor)" because "coveringNode" is null
	at java.base/java.util.concurrent.CompletableFuture.encodeThrowable(CompletableFuture.java:315)
	at java.base/java.util.concurrent.CompletableFuture.completeThrowable(CompletableFuture.java:320)
	at java.base/java.util.concurrent.CompletableFuture$UniApply.tryFire(CompletableFuture.java:649)
	at java.base/java.util.concurrent.CompletableFuture$Completion.run(CompletableFuture.java:482)
	at java.base/java.lang.Thread.run(Thread.java:840)
Caused by: java.lang.NullPointerException: Cannot invoke "org.eclipse.jdt.core.dom.ASTNode.accept(org.eclipse.jdt.core.dom.ASTVisitor)" because "coveringNode" is null
	at org.eclipse.jdt.ls.core.internal.text.correction.QuickAssistProcessor.getFullyCoveredNodes(QuickAssistProcessor.java:391)
	at org.eclipse.jdt.ls.core.internal.text.correction.SourceAssistProcessor.getSourceActionCommands(SourceAssistProcessor.java:123)
	at org.eclipse.jdt.ls.core.internal.handlers.CodeActionHandler.getCodeActionCommands(CodeActionHandler.java:237)
	at org.eclipse.jdt.ls.core.internal.handlers.JDTLanguageServer.lambda$14(JDTLanguageServer.java:753)
	at org.eclipse.jdt.ls.core.internal.BaseJDTLanguageServer.lambda$0(BaseJDTLanguageServer.java:87)
	at java.base/java.util.concurrent.CompletableFuture$UniApply.tryFire(CompletableFuture.java:646)
	... 2 more

[Error - 3:37:39 PM] Request textDocument/codeAction failed.
  Message: Internal error.
  Code: -32603 
java.util.concurrent.CompletionException: java.lang.NullPointerException: Cannot invoke "org.eclipse.jdt.core.dom.ASTNode.accept(org.eclipse.jdt.core.dom.ASTVisitor)" because "coveringNode" is null
	at java.base/java.util.concurrent.CompletableFuture.encodeThrowable(CompletableFuture.java:315)
	at java.base/java.util.concurrent.CompletableFuture.completeThrowable(CompletableFuture.java:320)
	at java.base/java.util.concurrent.CompletableFuture$UniApply.tryFire(CompletableFuture.java:649)
	at java.base/java.util.concurrent.CompletableFuture$Completion.run(CompletableFuture.java:482)
	at java.base/java.lang.Thread.run(Thread.java:840)
Caused by: java.lang.NullPointerException: Cannot invoke "org.eclipse.jdt.core.dom.ASTNode.accept(org.eclipse.jdt.core.dom.ASTVisitor)" because "coveringNode" is null
	at org.eclipse.jdt.ls.core.internal.text.correction.QuickAssistProcessor.getFullyCoveredNodes(QuickAssistProcessor.java:391)
	at org.eclipse.jdt.ls.core.internal.text.correction.SourceAssistProcessor.getSourceActionCommands(SourceAssistProcessor.java:123)
	at org.eclipse.jdt.ls.core.internal.handlers.CodeActionHandler.getCodeActionCommands(CodeActionHandler.java:237)
	at org.eclipse.jdt.ls.core.internal.handlers.JDTLanguageServer.lambda$14(JDTLanguageServer.java:753)
	at org.eclipse.jdt.ls.core.internal.BaseJDTLanguageServer.lambda$0(BaseJDTLanguageServer.java:87)
	at java.base/java.util.concurrent.CompletableFuture$UniApply.tryFire(CompletableFuture.java:646)
	... 2 more

[Error - 3:37:39 PM] Sep 1, 2024, 3:37:39 PM Error while handling document change. URI: file:///home/ardyop7/_temp.java
End position lies outside document range
org.eclipse.text.edits.MalformedTreeException: End position lies outside document range
	at org.eclipse.text.edits.TextEditProcessor.checkIntegrityDo(TextEditProcessor.java:180)
	at org.eclipse.text.edits.TextEdit.dispatchCheckIntegrity(TextEdit.java:746)
	at org.eclipse.text.edits.TextEditProcessor.performEdits(TextEditProcessor.java:153)
	at org.eclipse.text.edits.TextEdit.apply(TextEdit.java:714)
	at org.eclipse.jdt.ls.core.internal.handlers.BaseDocumentLifeCycleHandler.handleChanged(BaseDocumentLifeCycleHandler.java:503)
	at org.eclipse.jdt.ls.core.internal.handlers.BaseDocumentLifeCycleHandler.didChange(BaseDocumentLifeCycleHandler.java:360)
	at org.eclipse.jdt.ls.core.internal.handlers.JDTLanguageServer.didChange(JDTLanguageServer.java:882)
	at jdk.internal.reflect.GeneratedMethodAccessor20.invoke(Unknown Source)
	at java.base/jdk.internal.reflect.DelegatingMethodAccessorImpl.invoke(DelegatingMethodAccessorImpl.java:43)
	at java.base/java.lang.reflect.Method.invoke(Method.java:569)
	at org.eclipse.lsp4j.jsonrpc.services.GenericEndpoint.lambda$recursiveFindRpcMethods$0(GenericEndpoint.java:65)
	at org.eclipse.lsp4j.jsonrpc.services.GenericEndpoint.notify(GenericEndpoint.java:152)
	at org.eclipse.lsp4j.jsonrpc.RemoteEndpoint.handleNotification(RemoteEndpoint.java:231)
	at org.eclipse.lsp4j.jsonrpc.RemoteEndpoint.consume(RemoteEndpoint.java:198)
	at org.eclipse.jdt.ls.core.internal.ParentProcessWatcher.lambda$1(ParentProcessWatcher.java:144)
	at org.eclipse.lsp4j.jsonrpc.json.StreamMessageProducer.handleMessage(StreamMessageProducer.java:194)
	at org.eclipse.lsp4j.jsonrpc.json.StreamMessageProducer.listen(StreamMessageProducer.java:94)
	at org.eclipse.lsp4j.jsonrpc.json.ConcurrentMessageProcessor.run(ConcurrentMessageProcessor.java:113)
	at java.base/java.util.concurrent.Executors$RunnableAdapter.call(Executors.java:539)
	at java.base/java.util.concurrent.FutureTask.run(FutureTask.java:264)
	at java.base/java.util.concurrent.ThreadPoolExecutor.runWorker(ThreadPoolExecutor.java:1136)
	at java.base/java.util.concurrent.ThreadPoolExecutor$Worker.run(ThreadPoolExecutor.java:635)
	at java.base/java.lang.Thread.run(Thread.java:840)

Sep 01, 2024 3:37:40 PM org.eclipse.lsp4j.jsonrpc.RemoteEndpoint fallbackResponseError
SEVERE: Internal error: java.lang.NullPointerException: Cannot invoke "org.eclipse.jdt.core.dom.ASTNode.accept(org.eclipse.jdt.core.dom.ASTVisitor)" because "coveringNode" is null
java.util.concurrent.CompletionException: java.lang.NullPointerException: Cannot invoke "org.eclipse.jdt.core.dom.ASTNode.accept(org.eclipse.jdt.core.dom.ASTVisitor)" because "coveringNode" is null
	at java.base/java.util.concurrent.CompletableFuture.encodeThrowable(CompletableFuture.java:315)
	at java.base/java.util.concurrent.CompletableFuture.completeThrowable(CompletableFuture.java:320)
	at java.base/java.util.concurrent.CompletableFuture$UniApply.tryFire(CompletableFuture.java:649)
	at java.base/java.util.concurrent.CompletableFuture$Completion.run(CompletableFuture.java:482)
	at java.base/java.lang.Thread.run(Thread.java:840)
Caused by: java.lang.NullPointerException: Cannot invoke "org.eclipse.jdt.core.dom.ASTNode.accept(org.eclipse.jdt.core.dom.ASTVisitor)" because "coveringNode" is null
	at org.eclipse.jdt.ls.core.internal.text.correction.QuickAssistProcessor.getFullyCoveredNodes(QuickAssistProcessor.java:391)
	at org.eclipse.jdt.ls.core.internal.text.correction.SourceAssistProcessor.getSourceActionCommands(SourceAssistProcessor.java:123)
	at org.eclipse.jdt.ls.core.internal.handlers.CodeActionHandler.getCodeActionCommands(CodeActionHandler.java:237)
	at org.eclipse.jdt.ls.core.internal.handlers.JDTLanguageServer.lambda$14(JDTLanguageServer.java:753)
	at org.eclipse.jdt.ls.core.internal.BaseJDTLanguageServer.lambda$0(BaseJDTLanguageServer.java:87)
	at java.base/java.util.concurrent.CompletableFuture$UniApply.tryFire(CompletableFuture.java:646)
	... 2 more

[Error - 3:37:40 PM] Request textDocument/codeAction failed.
  Message: Internal error.
  Code: -32603 
java.util.concurrent.CompletionException: java.lang.NullPointerException: Cannot invoke "org.eclipse.jdt.core.dom.ASTNode.accept(org.eclipse.jdt.core.dom.ASTVisitor)" because "coveringNode" is null
	at java.base/java.util.concurrent.CompletableFuture.encodeThrowable(CompletableFuture.java:315)
	at java.base/java.util.concurrent.CompletableFuture.completeThrowable(CompletableFuture.java:320)
	at java.base/java.util.concurrent.CompletableFuture$UniApply.tryFire(CompletableFuture.java:649)
	at java.base/java.util.concurrent.CompletableFuture$Completion.run(CompletableFuture.java:482)
	at java.base/java.lang.Thread.run(Thread.java:840)
Caused by: java.lang.NullPointerException: Cannot invoke "org.eclipse.jdt.core.dom.ASTNode.accept(org.eclipse.jdt.core.dom.ASTVisitor)" because "coveringNode" is null
	at org.eclipse.jdt.ls.core.internal.text.correction.QuickAssistProcessor.getFullyCoveredNodes(QuickAssistProcessor.java:391)
	at org.eclipse.jdt.ls.core.internal.text.correction.SourceAssistProcessor.getSourceActionCommands(SourceAssistProcessor.java:123)
	at org.eclipse.jdt.ls.core.internal.handlers.CodeActionHandler.getCodeActionCommands(CodeActionHandler.java:237)
	at org.eclipse.jdt.ls.core.internal.handlers.JDTLanguageServer.lambda$14(JDTLanguageServer.java:753)
	at org.eclipse.jdt.ls.core.internal.BaseJDTLanguageServer.lambda$0(BaseJDTLanguageServer.java:87)
	at java.base/java.util.concurrent.CompletableFuture$UniApply.tryFire(CompletableFuture.java:646)
	... 2 more

[Error - 3:37:40 PM] Sep 1, 2024, 3:37:40 PM Error while handling document change. URI: file:///home/ardyop7/_temp.java
End position lies outside document range
org.eclipse.text.edits.MalformedTreeException: End position lies outside document range
	at org.eclipse.text.edits.TextEditProcessor.checkIntegrityDo(TextEditProcessor.java:180)
	at org.eclipse.text.edits.TextEdit.dispatchCheckIntegrity(TextEdit.java:746)
	at org.eclipse.text.edits.TextEditProcessor.performEdits(TextEditProcessor.java:153)
	at org.eclipse.text.edits.TextEdit.apply(TextEdit.java:714)
	at org.eclipse.jdt.ls.core.internal.handlers.BaseDocumentLifeCycleHandler.handleChanged(BaseDocumentLifeCycleHandler.java:503)
	at org.eclipse.jdt.ls.core.internal.handlers.BaseDocumentLifeCycleHandler.didChange(BaseDocumentLifeCycleHandler.java:360)
	at org.eclipse.jdt.ls.core.internal.handlers.JDTLanguageServer.didChange(JDTLanguageServer.java:882)
	at jdk.internal.reflect.GeneratedMethodAccessor20.invoke(Unknown Source)
	at java.base/jdk.internal.reflect.DelegatingMethodAccessorImpl.invoke(DelegatingMethodAccessorImpl.java:43)
	at java.base/java.lang.reflect.Method.invoke(Method.java:569)
	at org.eclipse.lsp4j.jsonrpc.services.GenericEndpoint.lambda$recursiveFindRpcMethods$0(GenericEndpoint.java:65)
	at org.eclipse.lsp4j.jsonrpc.services.GenericEndpoint.notify(GenericEndpoint.java:152)
	at org.eclipse.lsp4j.jsonrpc.RemoteEndpoint.handleNotification(RemoteEndpoint.java:231)
	at org.eclipse.lsp4j.jsonrpc.RemoteEndpoint.consume(RemoteEndpoint.java:198)
	at org.eclipse.jdt.ls.core.internal.ParentProcessWatcher.lambda$1(ParentProcessWatcher.java:144)
	at org.eclipse.lsp4j.jsonrpc.json.StreamMessageProducer.handleMessage(StreamMessageProducer.java:194)
	at org.eclipse.lsp4j.jsonrpc.json.StreamMessageProducer.listen(StreamMessageProducer.java:94)
	at org.eclipse.lsp4j.jsonrpc.json.ConcurrentMessageProcessor.run(ConcurrentMessageProcessor.java:113)
	at java.base/java.util.concurrent.Executors$RunnableAdapter.call(Executors.java:539)
	at java.base/java.util.concurrent.FutureTask.run(FutureTask.java:264)
	at java.base/java.util.concurrent.ThreadPoolExecutor.runWorker(ThreadPoolExecutor.java:1136)
	at java.base/java.util.concurrent.ThreadPoolExecutor$Worker.run(ThreadPoolExecutor.java:635)
	at java.base/java.lang.Thread.run(Thread.java:840)

[Error - 3:37:40 PM] Sep 1, 2024, 3:37:40 PM Error while handling document change. URI: file:///home/ardyop7/_temp.java
End position lies outside document range
org.eclipse.text.edits.MalformedTreeException: End position lies outside document range
	at org.eclipse.text.edits.TextEditProcessor.checkIntegrityDo(TextEditProcessor.java:180)
	at org.eclipse.text.edits.TextEdit.dispatchCheckIntegrity(TextEdit.java:746)
	at org.eclipse.text.edits.TextEditProcessor.performEdits(TextEditProcessor.java:153)
	at org.eclipse.text.edits.TextEdit.apply(TextEdit.java:714)
	at org.eclipse.jdt.ls.core.internal.handlers.BaseDocumentLifeCycleHandler.handleChanged(BaseDocumentLifeCycleHandler.java:503)
	at org.eclipse.jdt.ls.core.internal.handlers.BaseDocumentLifeCycleHandler.didChange(BaseDocumentLifeCycleHandler.java:360)
	at org.eclipse.jdt.ls.core.internal.handlers.JDTLanguageServer.didChange(JDTLanguageServer.java:882)
	at jdk.internal.reflect.GeneratedMethodAccessor20.invoke(Unknown Source)
	at java.base/jdk.internal.reflect.DelegatingMethodAccessorImpl.invoke(DelegatingMethodAccessorImpl.java:43)
	at java.base/java.lang.reflect.Method.invoke(Method.java:569)
	at org.eclipse.lsp4j.jsonrpc.services.GenericEndpoint.lambda$recursiveFindRpcMethods$0(GenericEndpoint.java:65)
	at org.eclipse.lsp4j.jsonrpc.services.GenericEndpoint.notify(GenericEndpoint.java:152)
	at org.eclipse.lsp4j.jsonrpc.RemoteEndpoint.handleNotification(RemoteEndpoint.java:231)
	at org.eclipse.lsp4j.jsonrpc.RemoteEndpoint.consume(RemoteEndpoint.java:198)
	at org.eclipse.jdt.ls.core.internal.ParentProcessWatcher.lambda$1(ParentProcessWatcher.java:144)
	at org.eclipse.lsp4j.jsonrpc.json.StreamMessageProducer.handleMessage(StreamMessageProducer.java:194)
	at org.eclipse.lsp4j.jsonrpc.json.StreamMessageProducer.listen(StreamMessageProducer.java:94)
	at org.eclipse.lsp4j.jsonrpc.json.ConcurrentMessageProcessor.run(ConcurrentMessageProcessor.java:113)
	at java.base/java.util.concurrent.Executors$RunnableAdapter.call(Executors.java:539)
	at java.base/java.util.concurrent.FutureTask.run(FutureTask.java:264)
	at java.base/java.util.concurrent.ThreadPoolExecutor.runWorker(ThreadPoolExecutor.java:1136)
	at java.base/java.util.concurrent.ThreadPoolExecutor$Worker.run(ThreadPoolExecutor.java:635)
	at java.base/java.lang.Thread.run(Thread.java:840)

[Error - 3:37:40 PM] Sep 1, 2024, 3:37:40 PM Error while handling document change. URI: file:///home/ardyop7/_temp.java
End position lies outside document range
org.eclipse.text.edits.MalformedTreeException: End position lies outside document range
	at org.eclipse.text.edits.TextEditProcessor.checkIntegrityDo(TextEditProcessor.java:180)
	at org.eclipse.text.edits.TextEdit.dispatchCheckIntegrity(TextEdit.java:746)
	at org.eclipse.text.edits.TextEditProcessor.performEdits(TextEditProcessor.java:153)
	at org.eclipse.text.edits.TextEdit.apply(TextEdit.java:714)
	at org.eclipse.jdt.ls.core.internal.handlers.BaseDocumentLifeCycleHandler.handleChanged(BaseDocumentLifeCycleHandler.java:503)
	at org.eclipse.jdt.ls.core.internal.handlers.BaseDocumentLifeCycleHandler.didChange(BaseDocumentLifeCycleHandler.java:360)
	at org.eclipse.jdt.ls.core.internal.handlers.JDTLanguageServer.didChange(JDTLanguageServer.java:882)
	at jdk.internal.reflect.GeneratedMethodAccessor20.invoke(Unknown Source)
	at java.base/jdk.internal.reflect.DelegatingMethodAccessorImpl.invoke(DelegatingMethodAccessorImpl.java:43)
	at java.base/java.lang.reflect.Method.invoke(Method.java:569)
	at org.eclipse.lsp4j.jsonrpc.services.GenericEndpoint.lambda$recursiveFindRpcMethods$0(GenericEndpoint.java:65)
	at org.eclipse.lsp4j.jsonrpc.services.GenericEndpoint.notify(GenericEndpoint.java:152)
	at org.eclipse.lsp4j.jsonrpc.RemoteEndpoint.handleNotification(RemoteEndpoint.java:231)
	at org.eclipse.lsp4j.jsonrpc.RemoteEndpoint.consume(RemoteEndpoint.java:198)
	at org.eclipse.jdt.ls.core.internal.ParentProcessWatcher.lambda$1(ParentProcessWatcher.java:144)
	at org.eclipse.lsp4j.jsonrpc.json.StreamMessageProducer.handleMessage(StreamMessageProducer.java:194)
	at org.eclipse.lsp4j.jsonrpc.json.StreamMessageProducer.listen(StreamMessageProducer.java:94)
	at org.eclipse.lsp4j.jsonrpc.json.ConcurrentMessageProcessor.run(ConcurrentMessageProcessor.java:113)
	at java.base/java.util.concurrent.Executors$RunnableAdapter.call(Executors.java:539)
	at java.base/java.util.concurrent.FutureTask.run(FutureTask.java:264)
	at java.base/java.util.concurrent.ThreadPoolExecutor.runWorker(ThreadPoolExecutor.java:1136)
	at java.base/java.util.concurrent.ThreadPoolExecutor$Worker.run(ThreadPoolExecutor.java:635)
	at java.base/java.lang.Thread.run(Thread.java:840)

[Error - 3:37:40 PM] Sep 1, 2024, 3:37:40 PM Error while handling document change. URI: file:///home/ardyop7/_temp.java
End position lies outside document range
org.eclipse.text.edits.MalformedTreeException: End position lies outside document range
	at org.eclipse.text.edits.TextEditProcessor.checkIntegrityDo(TextEditProcessor.java:180)
	at org.eclipse.text.edits.TextEdit.dispatchCheckIntegrity(TextEdit.java:746)
	at org.eclipse.text.edits.TextEditProcessor.performEdits(TextEditProcessor.java:153)
	at org.eclipse.text.edits.TextEdit.apply(TextEdit.java:714)
	at org.eclipse.jdt.ls.core.internal.handlers.BaseDocumentLifeCycleHandler.handleChanged(BaseDocumentLifeCycleHandler.java:503)
	at org.eclipse.jdt.ls.core.internal.handlers.BaseDocumentLifeCycleHandler.didChange(BaseDocumentLifeCycleHandler.java:360)
	at org.eclipse.jdt.ls.core.internal.handlers.JDTLanguageServer.didChange(JDTLanguageServer.java:882)
	at jdk.internal.reflect.GeneratedMethodAccessor20.invoke(Unknown Source)
	at java.base/jdk.internal.reflect.DelegatingMethodAccessorImpl.invoke(DelegatingMethodAccessorImpl.java:43)
	at java.base/java.lang.reflect.Method.invoke(Method.java:569)
	at org.eclipse.lsp4j.jsonrpc.services.GenericEndpoint.lambda$recursiveFindRpcMethods$0(GenericEndpoint.java:65)
	at org.eclipse.lsp4j.jsonrpc.services.GenericEndpoint.notify(GenericEndpoint.java:152)
	at org.eclipse.lsp4j.jsonrpc.RemoteEndpoint.handleNotification(RemoteEndpoint.java:231)
	at org.eclipse.lsp4j.jsonrpc.RemoteEndpoint.consume(RemoteEndpoint.java:198)
	at org.eclipse.jdt.ls.core.internal.ParentProcessWatcher.lambda$1(ParentProcessWatcher.java:144)
	at org.eclipse.lsp4j.jsonrpc.json.StreamMessageProducer.handleMessage(StreamMessageProducer.java:194)
	at org.eclipse.lsp4j.jsonrpc.json.StreamMessageProducer.listen(StreamMessageProducer.java:94)
	at org.eclipse.lsp4j.jsonrpc.json.ConcurrentMessageProcessor.run(ConcurrentMessageProcessor.java:113)
	at java.base/java.util.concurrent.Executors$RunnableAdapter.call(Executors.java:539)
	at java.base/java.util.concurrent.FutureTask.run(FutureTask.java:264)
	at java.base/java.util.concurrent.ThreadPoolExecutor.runWorker(ThreadPoolExecutor.java:1136)
	at java.base/java.util.concurrent.ThreadPoolExecutor$Worker.run(ThreadPoolExecutor.java:635)
	at java.base/java.lang.Thread.run(Thread.java:840)

[Error - 3:37:40 PM] Sep 1, 2024, 3:37:40 PM Error while handling document change. URI: file:///home/ardyop7/_temp.java
End position lies outside document range
org.eclipse.text.edits.MalformedTreeException: End position lies outside document range
	at org.eclipse.text.edits.TextEditProcessor.checkIntegrityDo(TextEditProcessor.java:180)
	at org.eclipse.text.edits.TextEdit.dispatchCheckIntegrity(TextEdit.java:746)
	at org.eclipse.text.edits.TextEditProcessor.performEdits(TextEditProcessor.java:153)
	at org.eclipse.text.edits.TextEdit.apply(TextEdit.java:714)
	at org.eclipse.jdt.ls.core.internal.handlers.BaseDocumentLifeCycleHandler.handleChanged(BaseDocumentLifeCycleHandler.java:503)
	at org.eclipse.jdt.ls.core.internal.handlers.BaseDocumentLifeCycleHandler.didChange(BaseDocumentLifeCycleHandler.java:360)
	at org.eclipse.jdt.ls.core.internal.handlers.JDTLanguageServer.didChange(JDTLanguageServer.java:882)
	at jdk.internal.reflect.GeneratedMethodAccessor20.invoke(Unknown Source)
	at java.base/jdk.internal.reflect.DelegatingMethodAccessorImpl.invoke(DelegatingMethodAccessorImpl.java:43)
	at java.base/java.lang.reflect.Method.invoke(Method.java:569)
	at org.eclipse.lsp4j.jsonrpc.services.GenericEndpoint.lambda$recursiveFindRpcMethods$0(GenericEndpoint.java:65)
	at org.eclipse.lsp4j.jsonrpc.services.GenericEndpoint.notify(GenericEndpoint.java:152)
	at org.eclipse.lsp4j.jsonrpc.RemoteEndpoint.handleNotification(RemoteEndpoint.java:231)
	at org.eclipse.lsp4j.jsonrpc.RemoteEndpoint.consume(RemoteEndpoint.java:198)
	at org.eclipse.jdt.ls.core.internal.ParentProcessWatcher.lambda$1(ParentProcessWatcher.java:144)
	at org.eclipse.lsp4j.jsonrpc.json.StreamMessageProducer.handleMessage(StreamMessageProducer.java:194)
	at org.eclipse.lsp4j.jsonrpc.json.StreamMessageProducer.listen(StreamMessageProducer.java:94)
	at org.eclipse.lsp4j.jsonrpc.json.ConcurrentMessageProcessor.run(ConcurrentMessageProcessor.java:113)
	at java.base/java.util.concurrent.Executors$RunnableAdapter.call(Executors.java:539)
	at java.base/java.util.concurrent.FutureTask.run(FutureTask.java:264)
	at java.base/java.util.concurrent.ThreadPoolExecutor.runWorker(ThreadPoolExecutor.java:1136)
	at java.base/java.util.concurrent.ThreadPoolExecutor$Worker.run(ThreadPoolExecutor.java:635)
	at java.base/java.lang.Thread.run(Thread.java:840)

Sep 01, 2024 3:37:41 PM org.eclipse.lsp4j.jsonrpc.RemoteEndpoint fallbackResponseError
SEVERE: Internal error: java.lang.NullPointerException: Cannot invoke "org.eclipse.jdt.core.dom.ASTNode.accept(org.eclipse.jdt.core.dom.ASTVisitor)" because "coveringNode" is null
java.util.concurrent.CompletionException: java.lang.NullPointerException: Cannot invoke "org.eclipse.jdt.core.dom.ASTNode.accept(org.eclipse.jdt.core.dom.ASTVisitor)" because "coveringNode" is null
	at java.base/java.util.concurrent.CompletableFuture.encodeThrowable(CompletableFuture.java:315)
	at java.base/java.util.concurrent.CompletableFuture.completeThrowable(CompletableFuture.java:320)
	at java.base/java.util.concurrent.CompletableFuture$UniApply.tryFire(CompletableFuture.java:649)
	at java.base/java.util.concurrent.CompletableFuture$Completion.run(CompletableFuture.java:482)
	at java.base/java.lang.Thread.run(Thread.java:840)
Caused by: java.lang.NullPointerException: Cannot invoke "org.eclipse.jdt.core.dom.ASTNode.accept(org.eclipse.jdt.core.dom.ASTVisitor)" because "coveringNode" is null
	at org.eclipse.jdt.ls.core.internal.text.correction.QuickAssistProcessor.getFullyCoveredNodes(QuickAssistProcessor.java:391)
	at org.eclipse.jdt.ls.core.internal.text.correction.SourceAssistProcessor.getSourceActionCommands(SourceAssistProcessor.java:123)
	at org.eclipse.jdt.ls.core.internal.handlers.CodeActionHandler.getCodeActionCommands(CodeActionHandler.java:237)
	at org.eclipse.jdt.ls.core.internal.handlers.JDTLanguageServer.lambda$14(JDTLanguageServer.java:753)
	at org.eclipse.jdt.ls.core.internal.BaseJDTLanguageServer.lambda$0(BaseJDTLanguageServer.java:87)
	at java.base/java.util.concurrent.CompletableFuture$UniApply.tryFire(CompletableFuture.java:646)
	... 2 more

[Error - 3:37:41 PM] Request textDocument/codeAction failed.
  Message: Internal error.
  Code: -32603 
java.util.concurrent.CompletionException: java.lang.NullPointerException: Cannot invoke "org.eclipse.jdt.core.dom.ASTNode.accept(org.eclipse.jdt.core.dom.ASTVisitor)" because "coveringNode" is null
	at java.base/java.util.concurrent.CompletableFuture.encodeThrowable(CompletableFuture.java:315)
	at java.base/java.util.concurrent.CompletableFuture.completeThrowable(CompletableFuture.java:320)
	at java.base/java.util.concurrent.CompletableFuture$UniApply.tryFire(CompletableFuture.java:649)
	at java.base/java.util.concurrent.CompletableFuture$Completion.run(CompletableFuture.java:482)
	at java.base/java.lang.Thread.run(Thread.java:840)
Caused by: java.lang.NullPointerException: Cannot invoke "org.eclipse.jdt.core.dom.ASTNode.accept(org.eclipse.jdt.core.dom.ASTVisitor)" because "coveringNode" is null
	at org.eclipse.jdt.ls.core.internal.text.correction.QuickAssistProcessor.getFullyCoveredNodes(QuickAssistProcessor.java:391)
	at org.eclipse.jdt.ls.core.internal.text.correction.SourceAssistProcessor.getSourceActionCommands(SourceAssistProcessor.java:123)
	at org.eclipse.jdt.ls.core.internal.handlers.CodeActionHandler.getCodeActionCommands(CodeActionHandler.java:237)
	at org.eclipse.jdt.ls.core.internal.handlers.JDTLanguageServer.lambda$14(JDTLanguageServer.java:753)
	at org.eclipse.jdt.ls.core.internal.BaseJDTLanguageServer.lambda$0(BaseJDTLanguageServer.java:87)
	at java.base/java.util.concurrent.CompletableFuture$UniApply.tryFire(CompletableFuture.java:646)
	... 2 more

[Error - 3:37:42 PM] Sep 1, 2024, 3:37:42 PM Error while handling document change. URI: file:///home/ardyop7/_temp.java
End position lies outside document range
org.eclipse.text.edits.MalformedTreeException: End position lies outside document range
	at org.eclipse.text.edits.TextEditProcessor.checkIntegrityDo(TextEditProcessor.java:180)
	at org.eclipse.text.edits.TextEdit.dispatchCheckIntegrity(TextEdit.java:746)
	at org.eclipse.text.edits.TextEditProcessor.performEdits(TextEditProcessor.java:153)
	at org.eclipse.text.edits.TextEdit.apply(TextEdit.java:714)
	at org.eclipse.jdt.ls.core.internal.handlers.BaseDocumentLifeCycleHandler.handleChanged(BaseDocumentLifeCycleHandler.java:503)
	at org.eclipse.jdt.ls.core.internal.handlers.BaseDocumentLifeCycleHandler.didChange(BaseDocumentLifeCycleHandler.java:360)
	at org.eclipse.jdt.ls.core.internal.handlers.JDTLanguageServer.didChange(JDTLanguageServer.java:882)
	at jdk.internal.reflect.GeneratedMethodAccessor20.invoke(Unknown Source)
	at java.base/jdk.internal.reflect.DelegatingMethodAccessorImpl.invoke(DelegatingMethodAccessorImpl.java:43)
	at java.base/java.lang.reflect.Method.invoke(Method.java:569)
	at org.eclipse.lsp4j.jsonrpc.services.GenericEndpoint.lambda$recursiveFindRpcMethods$0(GenericEndpoint.java:65)
	at org.eclipse.lsp4j.jsonrpc.services.GenericEndpoint.notify(GenericEndpoint.java:152)
	at org.eclipse.lsp4j.jsonrpc.RemoteEndpoint.handleNotification(RemoteEndpoint.java:231)
	at org.eclipse.lsp4j.jsonrpc.RemoteEndpoint.consume(RemoteEndpoint.java:198)
	at org.eclipse.jdt.ls.core.internal.ParentProcessWatcher.lambda$1(ParentProcessWatcher.java:144)
	at org.eclipse.lsp4j.jsonrpc.json.StreamMessageProducer.handleMessage(StreamMessageProducer.java:194)
	at org.eclipse.lsp4j.jsonrpc.json.StreamMessageProducer.listen(StreamMessageProducer.java:94)
	at org.eclipse.lsp4j.jsonrpc.json.ConcurrentMessageProcessor.run(ConcurrentMessageProcessor.java:113)
	at java.base/java.util.concurrent.Executors$RunnableAdapter.call(Executors.java:539)
	at java.base/java.util.concurrent.FutureTask.run(FutureTask.java:264)
	at java.base/java.util.concurrent.ThreadPoolExecutor.runWorker(ThreadPoolExecutor.java:1136)
	at java.base/java.util.concurrent.ThreadPoolExecutor$Worker.run(ThreadPoolExecutor.java:635)
	at java.base/java.lang.Thread.run(Thread.java:840)

[Error - 3:37:42 PM] Sep 1, 2024, 3:37:42 PM Error while handling document change. URI: file:///home/ardyop7/_temp.java
End position lies outside document range
org.eclipse.text.edits.MalformedTreeException: End position lies outside document range
	at org.eclipse.text.edits.TextEditProcessor.checkIntegrityDo(TextEditProcessor.java:180)
	at org.eclipse.text.edits.TextEdit.dispatchCheckIntegrity(TextEdit.java:746)
	at org.eclipse.text.edits.TextEditProcessor.performEdits(TextEditProcessor.java:153)
	at org.eclipse.text.edits.TextEdit.apply(TextEdit.java:714)
	at org.eclipse.jdt.ls.core.internal.handlers.BaseDocumentLifeCycleHandler.handleChanged(BaseDocumentLifeCycleHandler.java:503)
	at org.eclipse.jdt.ls.core.internal.handlers.BaseDocumentLifeCycleHandler.didChange(BaseDocumentLifeCycleHandler.java:360)
	at org.eclipse.jdt.ls.core.internal.handlers.JDTLanguageServer.didChange(JDTLanguageServer.java:882)
	at jdk.internal.reflect.GeneratedMethodAccessor20.invoke(Unknown Source)
	at java.base/jdk.internal.reflect.DelegatingMethodAccessorImpl.invoke(DelegatingMethodAccessorImpl.java:43)
	at java.base/java.lang.reflect.Method.invoke(Method.java:569)
	at org.eclipse.lsp4j.jsonrpc.services.GenericEndpoint.lambda$recursiveFindRpcMethods$0(GenericEndpoint.java:65)
	at org.eclipse.lsp4j.jsonrpc.services.GenericEndpoint.notify(GenericEndpoint.java:152)
	at org.eclipse.lsp4j.jsonrpc.RemoteEndpoint.handleNotification(RemoteEndpoint.java:231)
	at org.eclipse.lsp4j.jsonrpc.RemoteEndpoint.consume(RemoteEndpoint.java:198)
	at org.eclipse.jdt.ls.core.internal.ParentProcessWatcher.lambda$1(ParentProcessWatcher.java:144)
	at org.eclipse.lsp4j.jsonrpc.json.StreamMessageProducer.handleMessage(StreamMessageProducer.java:194)
	at org.eclipse.lsp4j.jsonrpc.json.StreamMessageProducer.listen(StreamMessageProducer.java:94)
	at org.eclipse.lsp4j.jsonrpc.json.ConcurrentMessageProcessor.run(ConcurrentMessageProcessor.java:113)
	at java.base/java.util.concurrent.Executors$RunnableAdapter.call(Executors.java:539)
	at java.base/java.util.concurrent.FutureTask.run(FutureTask.java:264)
	at java.base/java.util.concurrent.ThreadPoolExecutor.runWorker(ThreadPoolExecutor.java:1136)
	at java.base/java.util.concurrent.ThreadPoolExecutor$Worker.run(ThreadPoolExecutor.java:635)
	at java.base/java.lang.Thread.run(Thread.java:840)

[Error - 3:37:42 PM] Sep 1, 2024, 3:37:42 PM Error while handling document change. URI: file:///home/ardyop7/_temp.java
End position lies outside document range
org.eclipse.text.edits.MalformedTreeException: End position lies outside document range
	at org.eclipse.text.edits.TextEditProcessor.checkIntegrityDo(TextEditProcessor.java:180)
	at org.eclipse.text.edits.TextEdit.dispatchCheckIntegrity(TextEdit.java:746)
	at org.eclipse.text.edits.TextEditProcessor.performEdits(TextEditProcessor.java:153)
	at org.eclipse.text.edits.TextEdit.apply(TextEdit.java:714)
	at org.eclipse.jdt.ls.core.internal.handlers.BaseDocumentLifeCycleHandler.handleChanged(BaseDocumentLifeCycleHandler.java:503)
	at org.eclipse.jdt.ls.core.internal.handlers.BaseDocumentLifeCycleHandler.didChange(BaseDocumentLifeCycleHandler.java:360)
	at org.eclipse.jdt.ls.core.internal.handlers.JDTLanguageServer.didChange(JDTLanguageServer.java:882)
	at jdk.internal.reflect.GeneratedMethodAccessor20.invoke(Unknown Source)
	at java.base/jdk.internal.reflect.DelegatingMethodAccessorImpl.invoke(DelegatingMethodAccessorImpl.java:43)
	at java.base/java.lang.reflect.Method.invoke(Method.java:569)
	at org.eclipse.lsp4j.jsonrpc.services.GenericEndpoint.lambda$recursiveFindRpcMethods$0(GenericEndpoint.java:65)
	at org.eclipse.lsp4j.jsonrpc.services.GenericEndpoint.notify(GenericEndpoint.java:152)
	at org.eclipse.lsp4j.jsonrpc.RemoteEndpoint.handleNotification(RemoteEndpoint.java:231)
	at org.eclipse.lsp4j.jsonrpc.RemoteEndpoint.consume(RemoteEndpoint.java:198)
	at org.eclipse.jdt.ls.core.internal.ParentProcessWatcher.lambda$1(ParentProcessWatcher.java:144)
	at org.eclipse.lsp4j.jsonrpc.json.StreamMessageProducer.handleMessage(StreamMessageProducer.java:194)
	at org.eclipse.lsp4j.jsonrpc.json.StreamMessageProducer.listen(StreamMessageProducer.java:94)
	at org.eclipse.lsp4j.jsonrpc.json.ConcurrentMessageProcessor.run(ConcurrentMessageProcessor.java:113)
	at java.base/java.util.concurrent.Executors$RunnableAdapter.call(Executors.java:539)
	at java.base/java.util.concurrent.FutureTask.run(FutureTask.java:264)
	at java.base/java.util.concurrent.ThreadPoolExecutor.runWorker(ThreadPoolExecutor.java:1136)
	at java.base/java.util.concurrent.ThreadPoolExecutor$Worker.run(ThreadPoolExecutor.java:635)
	at java.base/java.lang.Thread.run(Thread.java:840)

[Error - 3:37:42 PM] Sep 1, 2024, 3:37:42 PM Error while handling document change. URI: file:///home/ardyop7/_temp.java
End position lies outside document range
org.eclipse.text.edits.MalformedTreeException: End position lies outside document range
	at org.eclipse.text.edits.TextEditProcessor.checkIntegrityDo(TextEditProcessor.java:180)
	at org.eclipse.text.edits.TextEdit.dispatchCheckIntegrity(TextEdit.java:746)
	at org.eclipse.text.edits.TextEditProcessor.performEdits(TextEditProcessor.java:153)
	at org.eclipse.text.edits.TextEdit.apply(TextEdit.java:714)
	at org.eclipse.jdt.ls.core.internal.handlers.BaseDocumentLifeCycleHandler.handleChanged(BaseDocumentLifeCycleHandler.java:503)
	at org.eclipse.jdt.ls.core.internal.handlers.BaseDocumentLifeCycleHandler.didChange(BaseDocumentLifeCycleHandler.java:360)
	at org.eclipse.jdt.ls.core.internal.handlers.JDTLanguageServer.didChange(JDTLanguageServer.java:882)
	at jdk.internal.reflect.GeneratedMethodAccessor20.invoke(Unknown Source)
	at java.base/jdk.internal.reflect.DelegatingMethodAccessorImpl.invoke(DelegatingMethodAccessorImpl.java:43)
	at java.base/java.lang.reflect.Method.invoke(Method.java:569)
	at org.eclipse.lsp4j.jsonrpc.services.GenericEndpoint.lambda$recursiveFindRpcMethods$0(GenericEndpoint.java:65)
	at org.eclipse.lsp4j.jsonrpc.services.GenericEndpoint.notify(GenericEndpoint.java:152)
	at org.eclipse.lsp4j.jsonrpc.RemoteEndpoint.handleNotification(RemoteEndpoint.java:231)
	at org.eclipse.lsp4j.jsonrpc.RemoteEndpoint.consume(RemoteEndpoint.java:198)
	at org.eclipse.jdt.ls.core.internal.ParentProcessWatcher.lambda$1(ParentProcessWatcher.java:144)
	at org.eclipse.lsp4j.jsonrpc.json.StreamMessageProducer.handleMessage(StreamMessageProducer.java:194)
	at org.eclipse.lsp4j.jsonrpc.json.StreamMessageProducer.listen(StreamMessageProducer.java:94)
	at org.eclipse.lsp4j.jsonrpc.json.ConcurrentMessageProcessor.run(ConcurrentMessageProcessor.java:113)
	at java.base/java.util.concurrent.Executors$RunnableAdapter.call(Executors.java:539)
	at java.base/java.util.concurrent.FutureTask.run(FutureTask.java:264)
	at java.base/java.util.concurrent.ThreadPoolExecutor.runWorker(ThreadPoolExecutor.java:1136)
	at java.base/java.util.concurrent.ThreadPoolExecutor$Worker.run(ThreadPoolExecutor.java:635)
	at java.base/java.lang.Thread.run(Thread.java:840)

[Error - 3:37:42 PM] Sep 1, 2024, 3:37:42 PM Error while handling document change. URI: file:///home/ardyop7/_temp.java
End position lies outside document range
org.eclipse.text.edits.MalformedTreeException: End position lies outside document range
	at org.eclipse.text.edits.TextEditProcessor.checkIntegrityDo(TextEditProcessor.java:180)
	at org.eclipse.text.edits.TextEdit.dispatchCheckIntegrity(TextEdit.java:746)
	at org.eclipse.text.edits.TextEditProcessor.performEdits(TextEditProcessor.java:153)
	at org.eclipse.text.edits.TextEdit.apply(TextEdit.java:714)
	at org.eclipse.jdt.ls.core.internal.handlers.BaseDocumentLifeCycleHandler.handleChanged(BaseDocumentLifeCycleHandler.java:503)
	at org.eclipse.jdt.ls.core.internal.handlers.BaseDocumentLifeCycleHandler.didChange(BaseDocumentLifeCycleHandler.java:360)
	at org.eclipse.jdt.ls.core.internal.handlers.JDTLanguageServer.didChange(JDTLanguageServer.java:882)
	at jdk.internal.reflect.GeneratedMethodAccessor20.invoke(Unknown Source)
	at java.base/jdk.internal.reflect.DelegatingMethodAccessorImpl.invoke(DelegatingMethodAccessorImpl.java:43)
	at java.base/java.lang.reflect.Method.invoke(Method.java:569)
	at org.eclipse.lsp4j.jsonrpc.services.GenericEndpoint.lambda$recursiveFindRpcMethods$0(GenericEndpoint.java:65)
	at org.eclipse.lsp4j.jsonrpc.services.GenericEndpoint.notify(GenericEndpoint.java:152)
	at org.eclipse.lsp4j.jsonrpc.RemoteEndpoint.handleNotification(RemoteEndpoint.java:231)
	at org.eclipse.lsp4j.jsonrpc.RemoteEndpoint.consume(RemoteEndpoint.java:198)
	at org.eclipse.jdt.ls.core.internal.ParentProcessWatcher.lambda$1(ParentProcessWatcher.java:144)
	at org.eclipse.lsp4j.jsonrpc.json.StreamMessageProducer.handleMessage(StreamMessageProducer.java:194)
	at org.eclipse.lsp4j.jsonrpc.json.StreamMessageProducer.listen(StreamMessageProducer.java:94)
	at org.eclipse.lsp4j.jsonrpc.json.ConcurrentMessageProcessor.run(ConcurrentMessageProcessor.java:113)
	at java.base/java.util.concurrent.Executors$RunnableAdapter.call(Executors.java:539)
	at java.base/java.util.concurrent.FutureTask.run(FutureTask.java:264)
	at java.base/java.util.concurrent.ThreadPoolExecutor.runWorker(ThreadPoolExecutor.java:1136)
	at java.base/java.util.concurrent.ThreadPoolExecutor$Worker.run(ThreadPoolExecutor.java:635)
	at java.base/java.lang.Thread.run(Thread.java:840)

[Error - 3:37:42 PM] Sep 1, 2024, 3:37:42 PM Error while handling document change. URI: file:///home/ardyop7/_temp.java
End position lies outside document range
org.eclipse.text.edits.MalformedTreeException: End position lies outside document range
	at org.eclipse.text.edits.TextEditProcessor.checkIntegrityDo(TextEditProcessor.java:180)
	at org.eclipse.text.edits.TextEdit.dispatchCheckIntegrity(TextEdit.java:746)
	at org.eclipse.text.edits.TextEditProcessor.performEdits(TextEditProcessor.java:153)
	at org.eclipse.text.edits.TextEdit.apply(TextEdit.java:714)
	at org.eclipse.jdt.ls.core.internal.handlers.BaseDocumentLifeCycleHandler.handleChanged(BaseDocumentLifeCycleHandler.java:503)
	at org.eclipse.jdt.ls.core.internal.handlers.BaseDocumentLifeCycleHandler.didChange(BaseDocumentLifeCycleHandler.java:360)
	at org.eclipse.jdt.ls.core.internal.handlers.JDTLanguageServer.didChange(JDTLanguageServer.java:882)
	at jdk.internal.reflect.GeneratedMethodAccessor20.invoke(Unknown Source)
	at java.base/jdk.internal.reflect.DelegatingMethodAccessorImpl.invoke(DelegatingMethodAccessorImpl.java:43)
	at java.base/java.lang.reflect.Method.invoke(Method.java:569)
	at org.eclipse.lsp4j.jsonrpc.services.GenericEndpoint.lambda$recursiveFindRpcMethods$0(GenericEndpoint.java:65)
	at org.eclipse.lsp4j.jsonrpc.services.GenericEndpoint.notify(GenericEndpoint.java:152)
	at org.eclipse.lsp4j.jsonrpc.RemoteEndpoint.handleNotification(RemoteEndpoint.java:231)
	at org.eclipse.lsp4j.jsonrpc.RemoteEndpoint.consume(RemoteEndpoint.java:198)
	at org.eclipse.jdt.ls.core.internal.ParentProcessWatcher.lambda$1(ParentProcessWatcher.java:144)
	at org.eclipse.lsp4j.jsonrpc.json.StreamMessageProducer.handleMessage(StreamMessageProducer.java:194)
	at org.eclipse.lsp4j.jsonrpc.json.StreamMessageProducer.listen(StreamMessageProducer.java:94)
	at org.eclipse.lsp4j.jsonrpc.json.ConcurrentMessageProcessor.run(ConcurrentMessageProcessor.java:113)
	at java.base/java.util.concurrent.Executors$RunnableAdapter.call(Executors.java:539)
	at java.base/java.util.concurrent.FutureTask.run(FutureTask.java:264)
	at java.base/java.util.concurrent.ThreadPoolExecutor.runWorker(ThreadPoolExecutor.java:1136)
	at java.base/java.util.concurrent.ThreadPoolExecutor$Worker.run(ThreadPoolExecutor.java:635)
	at java.base/java.lang.Thread.run(Thread.java:840)

Sep 01, 2024 3:37:42 PM org.eclipse.lsp4j.jsonrpc.RemoteEndpoint fallbackResponseError
SEVERE: Internal error: java.lang.NullPointerException: Cannot invoke "org.eclipse.jdt.core.dom.ASTNode.accept(org.eclipse.jdt.core.dom.ASTVisitor)" because "coveringNode" is null
java.util.concurrent.CompletionException: java.lang.NullPointerException: Cannot invoke "org.eclipse.jdt.core.dom.ASTNode.accept(org.eclipse.jdt.core.dom.ASTVisitor)" because "coveringNode" is null
	at java.base/java.util.concurrent.CompletableFuture.encodeThrowable(CompletableFuture.java:315)
	at java.base/java.util.concurrent.CompletableFuture.completeThrowable(CompletableFuture.java:320)
	at java.base/java.util.concurrent.CompletableFuture$UniApply.tryFire(CompletableFuture.java:649)
	at java.base/java.util.concurrent.CompletableFuture$Completion.run(CompletableFuture.java:482)
	at java.base/java.lang.Thread.run(Thread.java:840)
Caused by: java.lang.NullPointerException: Cannot invoke "org.eclipse.jdt.core.dom.ASTNode.accept(org.eclipse.jdt.core.dom.ASTVisitor)" because "coveringNode" is null
	at org.eclipse.jdt.ls.core.internal.text.correction.QuickAssistProcessor.getFullyCoveredNodes(QuickAssistProcessor.java:391)
	at org.eclipse.jdt.ls.core.internal.text.correction.SourceAssistProcessor.getSourceActionCommands(SourceAssistProcessor.java:123)
	at org.eclipse.jdt.ls.core.internal.handlers.CodeActionHandler.getCodeActionCommands(CodeActionHandler.java:237)
	at org.eclipse.jdt.ls.core.internal.handlers.JDTLanguageServer.lambda$14(JDTLanguageServer.java:753)
	at org.eclipse.jdt.ls.core.internal.BaseJDTLanguageServer.lambda$0(BaseJDTLanguageServer.java:87)
	at java.base/java.util.concurrent.CompletableFuture$UniApply.tryFire(CompletableFuture.java:646)
	... 2 more

[Error - 3:37:42 PM] Request textDocument/codeAction failed.
  Message: Internal error.
  Code: -32603 
java.util.concurrent.CompletionException: java.lang.NullPointerException: Cannot invoke "org.eclipse.jdt.core.dom.ASTNode.accept(org.eclipse.jdt.core.dom.ASTVisitor)" because "coveringNode" is null
	at java.base/java.util.concurrent.CompletableFuture.encodeThrowable(CompletableFuture.java:315)
	at java.base/java.util.concurrent.CompletableFuture.completeThrowable(CompletableFuture.java:320)
	at java.base/java.util.concurrent.CompletableFuture$UniApply.tryFire(CompletableFuture.java:649)
	at java.base/java.util.concurrent.CompletableFuture$Completion.run(CompletableFuture.java:482)
	at java.base/java.lang.Thread.run(Thread.java:840)
Caused by: java.lang.NullPointerException: Cannot invoke "org.eclipse.jdt.core.dom.ASTNode.accept(org.eclipse.jdt.core.dom.ASTVisitor)" because "coveringNode" is null
	at org.eclipse.jdt.ls.core.internal.text.correction.QuickAssistProcessor.getFullyCoveredNodes(QuickAssistProcessor.java:391)
	at org.eclipse.jdt.ls.core.internal.text.correction.SourceAssistProcessor.getSourceActionCommands(SourceAssistProcessor.java:123)
	at org.eclipse.jdt.ls.core.internal.handlers.CodeActionHandler.getCodeActionCommands(CodeActionHandler.java:237)
	at org.eclipse.jdt.ls.core.internal.handlers.JDTLanguageServer.lambda$14(JDTLanguageServer.java:753)
	at org.eclipse.jdt.ls.core.internal.BaseJDTLanguageServer.lambda$0(BaseJDTLanguageServer.java:87)
	at java.base/java.util.concurrent.CompletableFuture$UniApply.tryFire(CompletableFuture.java:646)
	... 2 more

[Error - 3:37:43 PM] Sep 1, 2024, 3:37:43 PM Error while handling document change. URI: file:///home/ardyop7/_temp.java
End position lies outside document range
org.eclipse.text.edits.MalformedTreeException: End position lies outside document range
	at org.eclipse.text.edits.TextEditProcessor.checkIntegrityDo(TextEditProcessor.java:180)
	at org.eclipse.text.edits.TextEdit.dispatchCheckIntegrity(TextEdit.java:746)
	at org.eclipse.text.edits.TextEditProcessor.performEdits(TextEditProcessor.java:153)
	at org.eclipse.text.edits.TextEdit.apply(TextEdit.java:714)
	at org.eclipse.jdt.ls.core.internal.handlers.BaseDocumentLifeCycleHandler.handleChanged(BaseDocumentLifeCycleHandler.java:503)
	at org.eclipse.jdt.ls.core.internal.handlers.BaseDocumentLifeCycleHandler.didChange(BaseDocumentLifeCycleHandler.java:360)
	at org.eclipse.jdt.ls.core.internal.handlers.JDTLanguageServer.didChange(JDTLanguageServer.java:882)
	at jdk.internal.reflect.GeneratedMethodAccessor20.invoke(Unknown Source)
	at java.base/jdk.internal.reflect.DelegatingMethodAccessorImpl.invoke(DelegatingMethodAccessorImpl.java:43)
	at java.base/java.lang.reflect.Method.invoke(Method.java:569)
	at org.eclipse.lsp4j.jsonrpc.services.GenericEndpoint.lambda$recursiveFindRpcMethods$0(GenericEndpoint.java:65)
	at org.eclipse.lsp4j.jsonrpc.services.GenericEndpoint.notify(GenericEndpoint.java:152)
	at org.eclipse.lsp4j.jsonrpc.RemoteEndpoint.handleNotification(RemoteEndpoint.java:231)
	at org.eclipse.lsp4j.jsonrpc.RemoteEndpoint.consume(RemoteEndpoint.java:198)
	at org.eclipse.jdt.ls.core.internal.ParentProcessWatcher.lambda$1(ParentProcessWatcher.java:144)
	at org.eclipse.lsp4j.jsonrpc.json.StreamMessageProducer.handleMessage(StreamMessageProducer.java:194)
	at org.eclipse.lsp4j.jsonrpc.json.StreamMessageProducer.listen(StreamMessageProducer.java:94)
	at org.eclipse.lsp4j.jsonrpc.json.ConcurrentMessageProcessor.run(ConcurrentMessageProcessor.java:113)
	at java.base/java.util.concurrent.Executors$RunnableAdapter.call(Executors.java:539)
	at java.base/java.util.concurrent.FutureTask.run(FutureTask.java:264)
	at java.base/java.util.concurrent.ThreadPoolExecutor.runWorker(ThreadPoolExecutor.java:1136)
	at java.base/java.util.concurrent.ThreadPoolExecutor$Worker.run(ThreadPoolExecutor.java:635)
	at java.base/java.lang.Thread.run(Thread.java:840)

Sep 01, 2024 3:37:43 PM org.eclipse.lsp4j.jsonrpc.RemoteEndpoint fallbackResponseError
SEVERE: Internal error: java.lang.NullPointerException: Cannot invoke "org.eclipse.jdt.core.dom.ASTNode.accept(org.eclipse.jdt.core.dom.ASTVisitor)" because "coveringNode" is null
java.util.concurrent.CompletionException: java.lang.NullPointerException: Cannot invoke "org.eclipse.jdt.core.dom.ASTNode.accept(org.eclipse.jdt.core.dom.ASTVisitor)" because "coveringNode" is null
	at java.base/java.util.concurrent.CompletableFuture.encodeThrowable(CompletableFuture.java:315)
	at java.base/java.util.concurrent.CompletableFuture.completeThrowable(CompletableFuture.java:320)
	at java.base/java.util.concurrent.CompletableFuture$UniApply.tryFire(CompletableFuture.java:649)
	at java.base/java.util.concurrent.CompletableFuture$Completion.run(CompletableFuture.java:482)
	at java.base/java.lang.Thread.run(Thread.java:840)
Caused by: java.lang.NullPointerException: Cannot invoke "org.eclipse.jdt.core.dom.ASTNode.accept(org.eclipse.jdt.core.dom.ASTVisitor)" because "coveringNode" is null
	at org.eclipse.jdt.ls.core.internal.text.correction.QuickAssistProcessor.getFullyCoveredNodes(QuickAssistProcessor.java:391)
	at org.eclipse.jdt.ls.core.internal.text.correction.SourceAssistProcessor.getSourceActionCommands(SourceAssistProcessor.java:123)
	at org.eclipse.jdt.ls.core.internal.handlers.CodeActionHandler.getCodeActionCommands(CodeActionHandler.java:237)
	at org.eclipse.jdt.ls.core.internal.handlers.JDTLanguageServer.lambda$14(JDTLanguageServer.java:753)
	at org.eclipse.jdt.ls.core.internal.BaseJDTLanguageServer.lambda$0(BaseJDTLanguageServer.java:87)
	at java.base/java.util.concurrent.CompletableFuture$UniApply.tryFire(CompletableFuture.java:646)
	... 2 more

[Error - 3:37:43 PM] Request textDocument/codeAction failed.
  Message: Internal error.
  Code: -32603 
java.util.concurrent.CompletionException: java.lang.NullPointerException: Cannot invoke "org.eclipse.jdt.core.dom.ASTNode.accept(org.eclipse.jdt.core.dom.ASTVisitor)" because "coveringNode" is null
	at java.base/java.util.concurrent.CompletableFuture.encodeThrowable(CompletableFuture.java:315)
	at java.base/java.util.concurrent.CompletableFuture.completeThrowable(CompletableFuture.java:320)
	at java.base/java.util.concurrent.CompletableFuture$UniApply.tryFire(CompletableFuture.java:649)
	at java.base/java.util.concurrent.CompletableFuture$Completion.run(CompletableFuture.java:482)
	at java.base/java.lang.Thread.run(Thread.java:840)
Caused by: java.lang.NullPointerException: Cannot invoke "org.eclipse.jdt.core.dom.ASTNode.accept(org.eclipse.jdt.core.dom.ASTVisitor)" because "coveringNode" is null
	at org.eclipse.jdt.ls.core.internal.text.correction.QuickAssistProcessor.getFullyCoveredNodes(QuickAssistProcessor.java:391)
	at org.eclipse.jdt.ls.core.internal.text.correction.SourceAssistProcessor.getSourceActionCommands(SourceAssistProcessor.java:123)
	at org.eclipse.jdt.ls.core.internal.handlers.CodeActionHandler.getCodeActionCommands(CodeActionHandler.java:237)
	at org.eclipse.jdt.ls.core.internal.handlers.JDTLanguageServer.lambda$14(JDTLanguageServer.java:753)
	at org.eclipse.jdt.ls.core.internal.BaseJDTLanguageServer.lambda$0(BaseJDTLanguageServer.java:87)
	at java.base/java.util.concurrent.CompletableFuture$UniApply.tryFire(CompletableFuture.java:646)
	... 2 more

[Error - 3:37:44 PM] Sep 1, 2024, 3:37:44 PM Error while handling document change. URI: file:///home/ardyop7/_temp.java
End position lies outside document range
org.eclipse.text.edits.MalformedTreeException: End position lies outside document range
	at org.eclipse.text.edits.TextEditProcessor.checkIntegrityDo(TextEditProcessor.java:180)
	at org.eclipse.text.edits.TextEdit.dispatchCheckIntegrity(TextEdit.java:746)
	at org.eclipse.text.edits.TextEditProcessor.performEdits(TextEditProcessor.java:153)
	at org.eclipse.text.edits.TextEdit.apply(TextEdit.java:714)
	at org.eclipse.jdt.ls.core.internal.handlers.BaseDocumentLifeCycleHandler.handleChanged(BaseDocumentLifeCycleHandler.java:503)
	at org.eclipse.jdt.ls.core.internal.handlers.BaseDocumentLifeCycleHandler.didChange(BaseDocumentLifeCycleHandler.java:360)
	at org.eclipse.jdt.ls.core.internal.handlers.JDTLanguageServer.didChange(JDTLanguageServer.java:882)
	at jdk.internal.reflect.GeneratedMethodAccessor20.invoke(Unknown Source)
	at java.base/jdk.internal.reflect.DelegatingMethodAccessorImpl.invoke(DelegatingMethodAccessorImpl.java:43)
	at java.base/java.lang.reflect.Method.invoke(Method.java:569)
	at org.eclipse.lsp4j.jsonrpc.services.GenericEndpoint.lambda$recursiveFindRpcMethods$0(GenericEndpoint.java:65)
	at org.eclipse.lsp4j.jsonrpc.services.GenericEndpoint.notify(GenericEndpoint.java:152)
	at org.eclipse.lsp4j.jsonrpc.RemoteEndpoint.handleNotification(RemoteEndpoint.java:231)
	at org.eclipse.lsp4j.jsonrpc.RemoteEndpoint.consume(RemoteEndpoint.java:198)
	at org.eclipse.jdt.ls.core.internal.ParentProcessWatcher.lambda$1(ParentProcessWatcher.java:144)
	at org.eclipse.lsp4j.jsonrpc.json.StreamMessageProducer.handleMessage(StreamMessageProducer.java:194)
	at org.eclipse.lsp4j.jsonrpc.json.StreamMessageProducer.listen(StreamMessageProducer.java:94)
	at org.eclipse.lsp4j.jsonrpc.json.ConcurrentMessageProcessor.run(ConcurrentMessageProcessor.java:113)
	at java.base/java.util.concurrent.Executors$RunnableAdapter.call(Executors.java:539)
	at java.base/java.util.concurrent.FutureTask.run(FutureTask.java:264)
	at java.base/java.util.concurrent.ThreadPoolExecutor.runWorker(ThreadPoolExecutor.java:1136)
	at java.base/java.util.concurrent.ThreadPoolExecutor$Worker.run(ThreadPoolExecutor.java:635)
	at java.base/java.lang.Thread.run(Thread.java:840)

Sep 01, 2024 3:37:44 PM org.eclipse.lsp4j.jsonrpc.RemoteEndpoint fallbackResponseError
SEVERE: Internal error: java.lang.NullPointerException: Cannot invoke "org.eclipse.jdt.core.dom.ASTNode.accept(org.eclipse.jdt.core.dom.ASTVisitor)" because "coveringNode" is null
java.util.concurrent.CompletionException: java.lang.NullPointerException: Cannot invoke "org.eclipse.jdt.core.dom.ASTNode.accept(org.eclipse.jdt.core.dom.ASTVisitor)" because "coveringNode" is null
	at java.base/java.util.concurrent.CompletableFuture.encodeThrowable(CompletableFuture.java:315)
	at java.base/java.util.concurrent.CompletableFuture.completeThrowable(CompletableFuture.java:320)
	at java.base/java.util.concurrent.CompletableFuture$UniApply.tryFire(CompletableFuture.java:649)
	at java.base/java.util.concurrent.CompletableFuture$Completion.run(CompletableFuture.java:482)
	at java.base/java.lang.Thread.run(Thread.java:840)
Caused by: java.lang.NullPointerException: Cannot invoke "org.eclipse.jdt.core.dom.ASTNode.accept(org.eclipse.jdt.core.dom.ASTVisitor)" because "coveringNode" is null
	at org.eclipse.jdt.ls.core.internal.text.correction.QuickAssistProcessor.getFullyCoveredNodes(QuickAssistProcessor.java:391)
	at org.eclipse.jdt.ls.core.internal.text.correction.SourceAssistProcessor.getSourceActionCommands(SourceAssistProcessor.java:123)
	at org.eclipse.jdt.ls.core.internal.handlers.CodeActionHandler.getCodeActionCommands(CodeActionHandler.java:237)
	at org.eclipse.jdt.ls.core.internal.handlers.JDTLanguageServer.lambda$14(JDTLanguageServer.java:753)
	at org.eclipse.jdt.ls.core.internal.BaseJDTLanguageServer.lambda$0(BaseJDTLanguageServer.java:87)
	at java.base/java.util.concurrent.CompletableFuture$UniApply.tryFire(CompletableFuture.java:646)
	... 2 more

[Error - 3:37:44 PM] Request textDocument/codeAction failed.
  Message: Internal error.
  Code: -32603 
java.util.concurrent.CompletionException: java.lang.NullPointerException: Cannot invoke "org.eclipse.jdt.core.dom.ASTNode.accept(org.eclipse.jdt.core.dom.ASTVisitor)" because "coveringNode" is null
	at java.base/java.util.concurrent.CompletableFuture.encodeThrowable(CompletableFuture.java:315)
	at java.base/java.util.concurrent.CompletableFuture.completeThrowable(CompletableFuture.java:320)
	at java.base/java.util.concurrent.CompletableFuture$UniApply.tryFire(CompletableFuture.java:649)
	at java.base/java.util.concurrent.CompletableFuture$Completion.run(CompletableFuture.java:482)
	at java.base/java.lang.Thread.run(Thread.java:840)
Caused by: java.lang.NullPointerException: Cannot invoke "org.eclipse.jdt.core.dom.ASTNode.accept(org.eclipse.jdt.core.dom.ASTVisitor)" because "coveringNode" is null
	at org.eclipse.jdt.ls.core.internal.text.correction.QuickAssistProcessor.getFullyCoveredNodes(QuickAssistProcessor.java:391)
	at org.eclipse.jdt.ls.core.internal.text.correction.SourceAssistProcessor.getSourceActionCommands(SourceAssistProcessor.java:123)
	at org.eclipse.jdt.ls.core.internal.handlers.CodeActionHandler.getCodeActionCommands(CodeActionHandler.java:237)
	at org.eclipse.jdt.ls.core.internal.handlers.JDTLanguageServer.lambda$14(JDTLanguageServer.java:753)
	at org.eclipse.jdt.ls.core.internal.BaseJDTLanguageServer.lambda$0(BaseJDTLanguageServer.java:87)
	at java.base/java.util.concurrent.CompletableFuture$UniApply.tryFire(CompletableFuture.java:646)
	... 2 more

Sep 01, 2024 3:38:00 PM org.eclipse.lsp4j.jsonrpc.RemoteEndpoint handleCancellation
WARNING: Unmatched cancel notification for request id 275
Sep 01, 2024 3:38:00 PM org.eclipse.lsp4j.jsonrpc.RemoteEndpoint handleCancellation
WARNING: Unmatched cancel notification for request id 278
Sep 01, 2024 3:38:07 PM org.eclipse.lsp4j.jsonrpc.RemoteEndpoint handleCancellation
WARNING: Unmatched cancel notification for request id 336
Sep 01, 2024 3:38:07 PM org.eclipse.lsp4j.jsonrpc.RemoteEndpoint handleCancellation
WARNING: Unmatched cancel notification for request id 337
Sep 01, 2024 3:38:07 PM org.eclipse.lsp4j.jsonrpc.RemoteEndpoint handleCancellation
WARNING: Unmatched cancel notification for request id 338
Sep 01, 2024 3:38:07 PM org.eclipse.lsp4j.jsonrpc.RemoteEndpoint handleCancellation
WARNING: Unmatched cancel notification for request id 339
Sep 01, 2024 3:38:21 PM org.eclipse.lsp4j.jsonrpc.RemoteEndpoint handleCancellation
WARNING: Unmatched cancel notification for request id 411
Sep 01, 2024 3:39:12 PM org.eclipse.lsp4j.jsonrpc.RemoteEndpoint handleCancellation
WARNING: Unmatched cancel notification for request id 702
Sep 01, 2024 3:39:25 PM org.eclipse.lsp4j.jsonrpc.RemoteEndpoint handleCancellation
WARNING: Unmatched cancel notification for request id 803
Sep 01, 2024 3:41:00 PM org.eclipse.lsp4j.jsonrpc.RemoteEndpoint handleCancellation
WARNING: Unmatched cancel notification for request id 1056
Sep 01, 2024 3:43:01 PM org.eclipse.lsp4j.jsonrpc.RemoteEndpoint handleCancellation
WARNING: Unmatched cancel notification for request id 1226
Sep 01, 2024 3:43:11 PM org.eclipse.lsp4j.jsonrpc.RemoteEndpoint handleCancellation
WARNING: Unmatched cancel notification for request id 1324
Sep 01, 2024 3:43:12 PM org.eclipse.lsp4j.jsonrpc.RemoteEndpoint handleCancellation
WARNING: Unmatched cancel notification for request id 1326
Sep 01, 2024 3:43:12 PM org.eclipse.lsp4j.jsonrpc.RemoteEndpoint handleCancellation
WARNING: Unmatched cancel notification for request id 1327
Sep 01, 2024 3:43:12 PM org.eclipse.lsp4j.jsonrpc.RemoteEndpoint handleCancellation
WARNING: Unmatched cancel notification for request id 1329
[Error - 3:45:07 PM] Sep 1, 2024, 3:45:07 PM Unable to load IDecompiler class for jarFileContentProvider
Sep 01, 2024 3:45:11 PM org.eclipse.lsp4j.jsonrpc.RemoteEndpoint handleCancellation
WARNING: Unmatched cancel notification for request id 1458
Sep 01, 2024 3:45:27 PM org.eclipse.lsp4j.jsonrpc.RemoteEndpoint handleCancellation
WARNING: Unmatched cancel notification for request id 1544
Sep 01, 2024 3:45:29 PM org.eclipse.lsp4j.jsonrpc.RemoteEndpoint handleCancellation
WARNING: Unmatched cancel notification for request id 1557
Sep 01, 2024 3:46:08 PM org.eclipse.lsp4j.jsonrpc.RemoteEndpoint handleCancellation
WARNING: Unmatched cancel notification for request id 1640
Sep 01, 2024 3:46:08 PM org.eclipse.lsp4j.jsonrpc.RemoteEndpoint handleCancellation
WARNING: Unmatched cancel notification for request id 1641
Sep 01, 2024 3:46:08 PM org.eclipse.lsp4j.jsonrpc.RemoteEndpoint handleCancellation
WARNING: Unmatched cancel notification for request id 1642
Sep 01, 2024 3:46:14 PM org.eclipse.lsp4j.jsonrpc.RemoteEndpoint handleCancellation
WARNING: Unmatched cancel notification for request id 1696
Sep 01, 2024 3:46:43 PM org.eclipse.lsp4j.jsonrpc.RemoteEndpoint handleCancellation
WARNING: Unmatched cancel notification for request id 1937
Sep 01, 2024 3:47:15 PM org.eclipse.lsp4j.jsonrpc.RemoteEndpoint fallbackResponseError
SEVERE: Internal error: java.lang.NullPointerException: Cannot invoke "org.eclipse.jdt.core.dom.ASTNode.accept(org.eclipse.jdt.core.dom.ASTVisitor)" because "coveringNode" is null
java.util.concurrent.CompletionException: java.lang.NullPointerException: Cannot invoke "org.eclipse.jdt.core.dom.ASTNode.accept(org.eclipse.jdt.core.dom.ASTVisitor)" because "coveringNode" is null
	at java.base/java.util.concurrent.CompletableFuture.encodeThrowable(CompletableFuture.java:315)
	at java.base/java.util.concurrent.CompletableFuture.completeThrowable(CompletableFuture.java:320)
	at java.base/java.util.concurrent.CompletableFuture$UniApply.tryFire(CompletableFuture.java:649)
	at java.base/java.util.concurrent.CompletableFuture$Completion.run(CompletableFuture.java:482)
	at java.base/java.lang.Thread.run(Thread.java:840)
Caused by: java.lang.NullPointerException: Cannot invoke "org.eclipse.jdt.core.dom.ASTNode.accept(org.eclipse.jdt.core.dom.ASTVisitor)" because "coveringNode" is null
	at org.eclipse.jdt.ls.core.internal.text.correction.QuickAssistProcessor.getFullyCoveredNodes(QuickAssistProcessor.java:391)
	at org.eclipse.jdt.ls.core.internal.text.correction.SourceAssistProcessor.getSourceActionCommands(SourceAssistProcessor.java:123)
	at org.eclipse.jdt.ls.core.internal.handlers.CodeActionHandler.getCodeActionCommands(CodeActionHandler.java:237)
	at org.eclipse.jdt.ls.core.internal.handlers.JDTLanguageServer.lambda$14(JDTLanguageServer.java:753)
	at org.eclipse.jdt.ls.core.internal.BaseJDTLanguageServer.lambda$0(BaseJDTLanguageServer.java:87)
	at java.base/java.util.concurrent.CompletableFuture$UniApply.tryFire(CompletableFuture.java:646)
	... 2 more

[Error - 3:47:15 PM] Request textDocument/codeAction failed.
  Message: Internal error.
  Code: -32603 
java.util.concurrent.CompletionException: java.lang.NullPointerException: Cannot invoke "org.eclipse.jdt.core.dom.ASTNode.accept(org.eclipse.jdt.core.dom.ASTVisitor)" because "coveringNode" is null
	at java.base/java.util.concurrent.CompletableFuture.encodeThrowable(CompletableFuture.java:315)
	at java.base/java.util.concurrent.CompletableFuture.completeThrowable(CompletableFuture.java:320)
	at java.base/java.util.concurrent.CompletableFuture$UniApply.tryFire(CompletableFuture.java:649)
	at java.base/java.util.concurrent.CompletableFuture$Completion.run(CompletableFuture.java:482)
	at java.base/java.lang.Thread.run(Thread.java:840)
Caused by: java.lang.NullPointerException: Cannot invoke "org.eclipse.jdt.core.dom.ASTNode.accept(org.eclipse.jdt.core.dom.ASTVisitor)" because "coveringNode" is null
	at org.eclipse.jdt.ls.core.internal.text.correction.QuickAssistProcessor.getFullyCoveredNodes(QuickAssistProcessor.java:391)
	at org.eclipse.jdt.ls.core.internal.text.correction.SourceAssistProcessor.getSourceActionCommands(SourceAssistProcessor.java:123)
	at org.eclipse.jdt.ls.core.internal.handlers.CodeActionHandler.getCodeActionCommands(CodeActionHandler.java:237)
	at org.eclipse.jdt.ls.core.internal.handlers.JDTLanguageServer.lambda$14(JDTLanguageServer.java:753)
	at org.eclipse.jdt.ls.core.internal.BaseJDTLanguageServer.lambda$0(BaseJDTLanguageServer.java:87)
	at java.base/java.util.concurrent.CompletableFuture$UniApply.tryFire(CompletableFuture.java:646)
	... 2 more

Sep 01, 2024 3:47:16 PM org.eclipse.lsp4j.jsonrpc.RemoteEndpoint fallbackResponseError
SEVERE: Internal error: java.lang.NullPointerException: Cannot invoke "org.eclipse.jdt.core.dom.ASTNode.accept(org.eclipse.jdt.core.dom.ASTVisitor)" because "coveringNode" is null
java.util.concurrent.CompletionException: java.lang.NullPointerException: Cannot invoke "org.eclipse.jdt.core.dom.ASTNode.accept(org.eclipse.jdt.core.dom.ASTVisitor)" because "coveringNode" is null
	at java.base/java.util.concurrent.CompletableFuture.encodeThrowable(CompletableFuture.java:315)
	at java.base/java.util.concurrent.CompletableFuture.completeThrowable(CompletableFuture.java:320)
	at java.base/java.util.concurrent.CompletableFuture$UniApply.tryFire(CompletableFuture.java:649)
	at java.base/java.util.concurrent.CompletableFuture$Completion.run(CompletableFuture.java:482)
	at java.base/java.lang.Thread.run(Thread.java:840)
Caused by: java.lang.NullPointerException: Cannot invoke "org.eclipse.jdt.core.dom.ASTNode.accept(org.eclipse.jdt.core.dom.ASTVisitor)" because "coveringNode" is null
	at org.eclipse.jdt.ls.core.internal.text.correction.QuickAssistProcessor.getFullyCoveredNodes(QuickAssistProcessor.java:391)
	at org.eclipse.jdt.ls.core.internal.text.correction.SourceAssistProcessor.getSourceActionCommands(SourceAssistProcessor.java:123)
	at org.eclipse.jdt.ls.core.internal.handlers.CodeActionHandler.getCodeActionCommands(CodeActionHandler.java:237)
	at org.eclipse.jdt.ls.core.internal.handlers.JDTLanguageServer.lambda$14(JDTLanguageServer.java:753)
	at org.eclipse.jdt.ls.core.internal.BaseJDTLanguageServer.lambda$0(BaseJDTLanguageServer.java:87)
	at java.base/java.util.concurrent.CompletableFuture$UniApply.tryFire(CompletableFuture.java:646)
	... 2 more

[Error - 3:47:16 PM] Request textDocument/codeAction failed.
  Message: Internal error.
  Code: -32603 
java.util.concurrent.CompletionException: java.lang.NullPointerException: Cannot invoke "org.eclipse.jdt.core.dom.ASTNode.accept(org.eclipse.jdt.core.dom.ASTVisitor)" because "coveringNode" is null
	at java.base/java.util.concurrent.CompletableFuture.encodeThrowable(CompletableFuture.java:315)
	at java.base/java.util.concurrent.CompletableFuture.completeThrowable(CompletableFuture.java:320)
	at java.base/java.util.concurrent.CompletableFuture$UniApply.tryFire(CompletableFuture.java:649)
	at java.base/java.util.concurrent.CompletableFuture$Completion.run(CompletableFuture.java:482)
	at java.base/java.lang.Thread.run(Thread.java:840)
Caused by: java.lang.NullPointerException: Cannot invoke "org.eclipse.jdt.core.dom.ASTNode.accept(org.eclipse.jdt.core.dom.ASTVisitor)" because "coveringNode" is null
	at org.eclipse.jdt.ls.core.internal.text.correction.QuickAssistProcessor.getFullyCoveredNodes(QuickAssistProcessor.java:391)
	at org.eclipse.jdt.ls.core.internal.text.correction.SourceAssistProcessor.getSourceActionCommands(SourceAssistProcessor.java:123)
	at org.eclipse.jdt.ls.core.internal.handlers.CodeActionHandler.getCodeActionCommands(CodeActionHandler.java:237)
	at org.eclipse.jdt.ls.core.internal.handlers.JDTLanguageServer.lambda$14(JDTLanguageServer.java:753)
	at org.eclipse.jdt.ls.core.internal.BaseJDTLanguageServer.lambda$0(BaseJDTLanguageServer.java:87)
	at java.base/java.util.concurrent.CompletableFuture$UniApply.tryFire(CompletableFuture.java:646)
	... 2 more

Sep 01, 2024 3:47:59 PM org.eclipse.lsp4j.jsonrpc.RemoteEndpoint handleCancellation
WARNING: Unmatched cancel notification for request id 2376
Sep 01, 2024 3:48:00 PM org.eclipse.lsp4j.jsonrpc.RemoteEndpoint handleCancellation
WARNING: Unmatched cancel notification for request id 2377
Sep 01, 2024 3:48:06 PM org.eclipse.lsp4j.jsonrpc.RemoteEndpoint handleCancellation
WARNING: Unmatched cancel notification for request id 2425
Sep 01, 2024 3:48:06 PM org.eclipse.lsp4j.jsonrpc.RemoteEndpoint handleCancellation
WARNING: Unmatched cancel notification for request id 2426
Sep 01, 2024 3:48:06 PM org.eclipse.lsp4j.jsonrpc.RemoteEndpoint handleCancellation
WARNING: Unmatched cancel notification for request id 2427
Sep 01, 2024 3:48:06 PM org.eclipse.lsp4j.jsonrpc.RemoteEndpoint handleCancellation
WARNING: Unmatched cancel notification for request id 2435
Sep 01, 2024 3:48:16 PM org.eclipse.lsp4j.jsonrpc.RemoteEndpoint handleCancellation
WARNING: Unmatched cancel notification for request id 2509
Sep 01, 2024 3:48:23 PM org.eclipse.lsp4j.jsonrpc.RemoteEndpoint handleCancellation
WARNING: Unmatched cancel notification for request id 2555
Sep 01, 2024 3:48:43 PM org.eclipse.lsp4j.jsonrpc.RemoteEndpoint handleCancellation
WARNING: Unmatched cancel notification for request id 2653
Sep 01, 2024 3:48:43 PM org.eclipse.lsp4j.jsonrpc.RemoteEndpoint handleCancellation
WARNING: Unmatched cancel notification for request id 2654
Sep 01, 2024 3:48:43 PM org.eclipse.lsp4j.jsonrpc.RemoteEndpoint handleCancellation
WARNING: Unmatched cancel notification for request id 2656
Sep 01, 2024 3:48:43 PM org.eclipse.lsp4j.jsonrpc.RemoteEndpoint handleCancellation
WARNING: Unmatched cancel notification for request id 2658
Sep 01, 2024 3:48:43 PM org.eclipse.lsp4j.jsonrpc.RemoteEndpoint handleCancellation
WARNING: Unmatched cancel notification for request id 2661
Sep 01, 2024 3:48:45 PM org.eclipse.lsp4j.jsonrpc.RemoteEndpoint handleCancellation
WARNING: Unmatched cancel notification for request id 2681
Sep 01, 2024 3:48:47 PM org.eclipse.lsp4j.jsonrpc.RemoteEndpoint handleCancellation
WARNING: Unmatched cancel notification for request id 2703
[Error - 3:49:17 PM] Sep 1, 2024, 3:49:17 PM Unable to load IDecompiler class for jarFileContentProvider
Sep 01, 2024 3:51:13 PM org.eclipse.lsp4j.jsonrpc.RemoteEndpoint handleCancellation
WARNING: Unmatched cancel notification for request id 2988
Sep 01, 2024 3:51:31 PM org.eclipse.lsp4j.jsonrpc.RemoteEndpoint handleCancellation
WARNING: Unmatched cancel notification for request id 3089
[Error - 3:51:40 PM] Sep 1, 2024, 3:51:40 PM Error while handling document close. URI: file:///home/ardyop7/.codeoss/data/User/History/707af6cd/3hpG.java
3hpG.java [in <default> [in src [in jdt.ls-java-project]]] does not exist
Java Model Exception: Error in Java Model (code 969): 3hpG.java [in <default> [in src [in jdt.ls-java-project]]] does not exist
	at org.eclipse.jdt.internal.core.MultiOperation.processElements(MultiOperation.java:180)
	at org.eclipse.jdt.internal.core.MultiOperation.executeOperation(MultiOperation.java:95)
	at org.eclipse.jdt.internal.core.JavaModelOperation.run(JavaModelOperation.java:740)
	at org.eclipse.core.internal.resources.Workspace.run(Workspace.java:2451)
	at org.eclipse.core.internal.resources.Workspace.run(Workspace.java:2476)
	at org.eclipse.jdt.internal.core.JavaModelOperation.runOperation(JavaModelOperation.java:810)
	at org.eclipse.jdt.internal.core.JavaModel.delete(JavaModel.java:131)
	at org.eclipse.jdt.internal.core.CompilationUnit.delete(CompilationUnit.java:485)
	at org.eclipse.jdt.ls.core.internal.handlers.BaseDocumentLifeCycleHandler.handleClosed(BaseDocumentLifeCycleHandler.java:540)
	at org.eclipse.jdt.ls.core.internal.handlers.BaseDocumentLifeCycleHandler.didClose(BaseDocumentLifeCycleHandler.java:339)
	at org.eclipse.jdt.ls.core.internal.handlers.WorkspaceEventsHandler.handleFileEvent(WorkspaceEventsHandler.java:113)
	at org.eclipse.jdt.ls.core.internal.handlers.WorkspaceEventsHandler.lambda$0(WorkspaceEventsHandler.java:65)
	at java.base/java.lang.Thread.run(Thread.java:840)

Sep 01, 2024 3:51:49 PM org.eclipse.lsp4j.jsonrpc.RemoteEndpoint handleCancellation
WARNING: Unmatched cancel notification for request id 3195
